-- phpMyAdmin SQL Dump
-- version 5.1.0
-- https://www.phpmyadmin.net/
--
-- Host: 127.0.0.1
-- Generation Time: May 14, 2021 at 11:21 PM
-- Server version: 10.4.19-MariaDB
-- PHP Version: 8.0.6

SET SQL_MODE = "NO_AUTO_VALUE_ON_ZERO";
START TRANSACTION;
SET time_zone = "+00:00";


/*!40101 SET @OLD_CHARACTER_SET_CLIENT=@@CHARACTER_SET_CLIENT */;
/*!40101 SET @OLD_CHARACTER_SET_RESULTS=@@CHARACTER_SET_RESULTS */;
/*!40101 SET @OLD_COLLATION_CONNECTION=@@COLLATION_CONNECTION */;
/*!40101 SET NAMES utf8mb4 */;

--
-- Database: `shop_db`
--

-- --------------------------------------------------------

--
-- Table structure for table `cart`
--

CREATE TABLE `cart` (
  `cartid` int(10) NOT NULL,
  `userid` int(10) NOT NULL
) ENGINE=InnoDB DEFAULT CHARSET=utf8;

--
-- Dumping data for table `cart`
--

INSERT INTO `cart` (`cartid`, `userid`) VALUES
(20, 28),
(21, 33),
(22, 34),
(23, 35),
(24, 36),
(26, 37),
(27, 38);

-- --------------------------------------------------------

--
-- Table structure for table `cartinfo`
--

CREATE TABLE `cartinfo` (
  `cartid` int(10) NOT NULL,
  `productid` int(10) NOT NULL,
  `count` int(10) NOT NULL
) ENGINE=InnoDB DEFAULT CHARSET=utf8;

--
-- Dumping data for table `cartinfo`
--

INSERT INTO `cartinfo` (`cartid`, `productid`, `count`) VALUES
(20, 5, 1),
(22, 32, 1),
(23, 3, 1),
(20, 4, 1),
(20, 6, 1),
(24, 5, 1),
(24, 6, 1),
(24, 7, 1),
(25, 3, 5),
(25, 5, 1),
(26, 56, 1),
(27, 37, 1),
(27, 36, 1);

-- --------------------------------------------------------

--
-- Table structure for table `product`
--

CREATE TABLE `product` (
  `productid` int(3) NOT NULL,
  `typeid` int(3) NOT NULL,
  `brandid` int(3) NOT NULL,
  `PDname` varchar(50) NOT NULL,
  `price` int(7) NOT NULL,
  `count` int(3) NOT NULL,
  `picture` varchar(255) NOT NULL,
  `info` varchar(8000) NOT NULL
) ENGINE=InnoDB DEFAULT CHARSET=utf8;

--
-- Dumping data for table `product`
--

INSERT INTO `product` (`productid`, `typeid`, `brandid`, `PDname`, `price`, `count`, `picture`, `info`) VALUES
(2, 1, 1, 'LG GN-C222SLC', 8700, 49, '609e5874c93165.96094196.jpg', 'ข้อมูลทั่วไป / Overview:\r\nควบคุมอุณหภูมิให้คงที่ทุกเวลา\r\nการควบคุมอุณหภูมิภายในให้คงที่ได้อย่างทั่วถึงนั้น\r\nเป็นหัวใจสำคัญในการรักษาความสดใหม่ของอาหาร ซึ่งเทคโนโลยี LINEAR Cooling™\r\nสามารถควบคุมภายในตู้เย็นให้มีความแตกต่างกันเพียง ±0.5°C\r\n\r\nจุดปล่อยลมเย็นบริเวณบานประตู\r\nLG DoorCooling+™ ช่วยควบคุมอุณหภูมิภายในตู้เย็นให้เย็นทั่วถึง และเย็นเร็วขึ้นถึง 35 เมื่อเปรียบเทียบกับการทำความเย็นระบบทั่วไป เทคโนโลยีนี้ช่วยลดความแตกต่างของอุณหภูมิภายในตู้เย็น ให้มีความเย็นทั่วถึงกัน\r\n\r\nรักษาระดับความชุ่มชื้นภายในช่องแช่ผักและผลไม้\r\nด้วยการดีไซน์แผ่นรักษาระดับความชุ่มชื้นแบบใหม่เพิ่มในช่องแช่ ทำให้ผัก ผลไม้ของคุณ\r\nคงความสดได้ยาวนาน\r\n\r\nกระจายลมเย็นได้อย่างรวดเร็วและทั่วถึง\r\nระบบกระจายลมเย็นหลายทิศทาง ช่วยให้ความเย็นกระจายไปทั่วทั้งตู้ เย็นเร็วทันใจ ทำให้อาหารแล้วเครื่องดื่มภายในตู้เย็นได้รับความเย็นอย่างทั่วถึง\r\n\r\nประหยัดพลังงานด้วย Inverter Linear Compressor\r\nคอมเพรสเซอร์แนวนอนระบบอินเวอร์เตอร์ (Inverter Linear Compressor) เป็นเทคโนโลยีที่คิดค้นเพื่อช่วยเรื่องการประหยัดพลังงานที่เพิ่มขึ้น ด้วยการลดการเสียสีภายในช่วยเพิ่มความทนทานในการใช้งานและลดเสียงในการทำงานอีกด้วย\r\n\r\nช่องทำน้ำแข็งปรับเลื่อนได้\r\nเพิ่มความสะดวกสบายในการจัดเก็บ\r\nคุณสามารถปรับเปลี่ยนช่องทำน้ำแข็งได้ด้วยตนเอง ช่วยเพิ่มพื้นที่ในช่องแช่แข็ง\r\n\r\nข้อมูลจำเพาะ / Specifications:\r\nความจุ 7.4 คิว\r\n\r\nสีตัวเครื่อง สีเงินแพลตตินัม\r\n\r\nระบบคอมเพรสเซอร์ Inverter Linear Compressor\r\n\r\nระบบกระจายลมเย็น Yes\r\n\r\nMoist Balance Crisper Yes\r\n\r\nชั้นวางกระจกนิรภัย Yes\r\n\r\nGeneral\r\n\r\nขนาดตัวเครื่อง กว้าง 555 X สูง 1,520 X ลึก 585\r\n\r\nรับประกันคอมเพรสเซอร์ 10 ปี\r\n\r\nรับประกันเครื่อง 1 ปี'),
(3, 7, 1, 'LG 24MT48VF', 3900, 96, '5fa3f06bb199b1.70165602.jpg', 'ข้อมูลทั่วไป / Overview:\r\n24MT48VF\r\n24\" Class (23.6\" Diagonal) HD TV Monitor\r\nคุณลักษณะที่สำคัญ\r\nWide Viewing Angle\r\nWall Mount\r\nGaming Mode(Black Stabilizer / DAS Mode)\r\nCinema Mode\r\nUSB AutoRun\r\n\r\nข้อมูลจำเพาะ / Specifications:\r\n24MT48VF\r\n24\" Class (23.6\" Diagonal) HD TV Monitor\r\nคุณลักษณะที่สำคัญ\r\nWide Viewing Angle\r\nWall Mount\r\nGaming Mode(Black Stabilizer / DAS Mode)\r\nCinema Mode\r\nUSB AutoRun'),
(4, 2, 1, 'LG WP-1650WST', 7690, 0, '5fa3f0c4acfd81.15835834.jpg', 'ข้อมูลทั่วไป / Overview:\r\nรายละเอียด : เครื่องซักผ้าฝาบน 2 ถัง\r\nWP-165WST (ฝาใส)ซัก 14 KG.\r\n-Health+Filter ปกป้องเสื้อผ้าให้ปราศจากเชื้อโรคและสะอาดสดชื่นอยู่เสมอ\r\n-จานซักแบบ Punch+3 Roller Jet\r\n-เทคโนโลยี Wind Jet Dry เพิ่มประสิทธิภาพในการปั่นหมาด ทำให้ผ้าแห้งเร็วขึ้น\r\n-Soak Function แช่ผ้าสลับซักเพิ่มประสิทธิภาพในการขจัดคราบสกปรก\r\n-ตัวถังทำจากวัสดุเรซินอย่างดีมีคุณภาพสูง ป้องกันสนิม สีทูโทน\r\n-เลือกโปรแกรมการซักได้ 3 แบบ (Gentle,Normal,Strong)\r\n-ระบบป้องกันความปลอดภัยเครื่องหยุดทำงานเมื่อฝาปั่นเปิด\r\n-แผงควบคุมดีไซน์หรูแบบคริสตัลพร้อมลูกบิดสไตล์โครเมียม'),
(5, 6, 5, 'Toshiba ER-SM20(W)TH', 1490, 14, '5fa3f0f1ac1fa4.58710085.jpg', 'ข้อมูลทั่วไป / Overview:\r\nเตาอบไมโครเวฟ ER-SM20(W)TH\r\nปรับระดับได้ 5 ระดับ :เลือกใช้งานได้ตามความเหมาะสมของอาหาร แต่ละประเภท\r\nโดยสามารถเลือกระดับไมโครเวฟได้ถึง 5 ระดับ (0% -100%)\r\nระบบควบคุมการทำงานเป็นแบบปรับหมุน\r\nระบบการกระจายคลื่นเป็นระบบจานหมุน\r\nมีฟังก์ชันละลายน้ำแข็ง\r\nมีฉลากประหยัดไฟเบอร์ 5\r\n\r\nข้อมูลจำเพาะ / Specifications:\r\nความจุ (ลิตร)20\r\nแรงดันไฟฟ้าที่ใช้220V / 50Hz\r\nฟังก์ชันหลักไมโครเวฟ\r\nโปรแกรมเมนูอัตโนมัติไม่มี\r\nการตั้งเวลาปรุงอาหารสูงสุด (นาที:วินาที)35:00\r\nขนาดตัวเครื่อง (กว้างx ลึกx สูง) (มม.)440x325x258\r\nน้ำหนัก (กก.)11.2\r\nอัตราการกินไฟไมโครเวฟ/ตัวทำความร้อน (วัตต์)1270\r\nระดับกำลังไฟไมโครเวฟ (วัตต์)800\r\nระบบตั้งอุณหภูมิไมโครเวฟ5\r\nระดับระบบการกระจายคลื่นระบบจานหมูน\r\nระบบละลายอาหารแช่แข็งมีตัดการทำงานเมื่อเปิดบานประตูมีเสียงเตือนเมื่อทำงานเสร็จมีเทอร์โมฟิวส์\r\nมีการรับประกันรับประกันสินค้า 1 ปี\r\nรับประกันแมกนิตรอน 5 ปี'),
(6, 4, 2, 'SAMSUNG AR13MRF', 12900, 8, '5fa3f1234ce9c7.22549862.jpg', 'ข้อมูลทั่วไป / Overview:\r\nทำความเย็นได้รวดเร็วกว่า และกว้างไกลกว่า\r\n•ทำความเย็นได้รวดเร็ว คุณจึงรู้สึกสบายอย่างแท้จริง\r\n• ทำงานแบบอัจฉริยะ ประหยัดพลังงาน\r\n• ประหยัดพลังงานแม้เมื่ออยู่คนเดียวทำความเย็นได้รวดเร็วกว่า และกว้างไกลกว่า\r\n\r\nเครื่องปรับอากาศ Samsung ได้รับการออกแบบเป็นพิเศษเพื่อประสิทธิภาพที่โดดเด่น ดีไซน์รูปสามเหลี่ยมที่เป็นเอกลักษณ์มีช่องลมเข้าที่กว้างขึ้น เพื่อดูดอากาศเข้าสู่ตัวเครื่องได้มากกว่า ขณะที่ช่องปล่อยลมมีความกว้างและมุมที่เหมาะสม ประกอบกับแผงลมรูปตัววี และพัดลมที่ใหญ่กว่า จะช่วยให้อากาศในห้องเย็นเร็วขึ้น และเพิ่มแรงลมให้ไปได้เร็วและไกลกว่า ดังนั้นลมเย็นที่สดชื่นจะกระจายสู่ทุกมุมห้องอย่างทั่วถึง\r\n\r\nทำความเย็นได้รวดเร็ว คุณจึงรู้สึกสบายอย่างแท้จริง\r\n\r\nเครื่องปรับอากาศ Samsung เริ่มต้นทำความเย็นได้อย่างรวดเร็ว ด้วยโหมด Fast Cool ที่ทรงพลัง จากนั้นระบบจะเปลี่ยนเป็นโหมด Comfort Cool โดยอัตโนมัติ เพื่อรักษาระดับอุณหภูมิที่ต้องการ คุณจึงไม่รู้สึกหนาว และไม่จำเป็นต้องเปลี่ยนแปลงการตั้งค่าด้วยตนเองหรือปิดและเปิดเครื่องปรับอากาศ\r\n\r\nประหยัดพลังงานโดยอัตโนมัติ\r\n\r\nด้วยโหมด Single User คุณไม่จำเป็นต้องเปิดและปิดเครื่องปรับอากาศ Samsung ครั้งแล้วครั้งเล่าเพื่อประหยัดพลังงาน หรือกลัวเปลืองไฟหากใช้เครื่องปรับอากาศในช่วงเวลาที่อากาศไม่ร้อนสักเท่าใด ในโหมดนี้ คอมเพรสเซอร์และพัดลมจะทำงานตามระยะเวลาที่เหมาะสมเพื่อรักษาระดับอุณหภูมิที่ต้องการ และจะปิดการทำงานโดยอัตโนมัติเมื่อไม่จำเป็นต้องใช้ ดังนั้นจึงใช้ไฟฟ้าน้อยลงอย่างมาก ช่วยให้ห้องของคุณเย็นสบาย ขณะที่คุณจ่ายค่าไฟเพียงเล็กน้อยเท่านั้น\r\n\r\nข้อมูลจำเพาะ / Specifications:\r\nขนาด 12,200 BTU\r\nสำหรับขนาดห้อง 16-20 ตารางเมตร\r\nรับประกันคอมเพรสเซอร์ 5 ปี'),
(7, 2, 5, 'TOSHIBA AW-A750', 5200, 12, '5f9ea43aa74589.06228217.jpg', 'ข้อมูลทั่วไป / Overview:\r\nวามจุ 6.5 กก. | ถังซักสแตนเลส\r\n\r\nStar Crystal Drum\r\nถังซักประสิทธิภาพสูงด้วยการออกแบบพื้นผิวของตัว\r\nถังซักให้โค้งรับกับการปั่นผ้า และไม่ทำลายเนื\r\n\r\nCondensed Wash\r\nเพิ่มประสิทธิภาพในการซัก ด้วยกระแสน้ำวนขึ้น-ลง\r\nในแนวตั้งและแนวนอน ทำให้น้ำ และผงซักฟอก\r\nเข้าสู่เนื้อผ้าได้ดียิ่งขึ้น\r\n\r\nLinear Water Level\r\nประหยัดการใช้น้ำได้สูงสุด สามารถปรับระดับ\r\nการซักได้เองในปริมาณน้ำ 12 ลิตร\r\n\r\nShower Rinse\r\nด้วยการดีไซน์ตลับกรองสิ่งสกปรกภายในเครื่อง\r\nสามารถถอดทำความสะอาดได้ง่าย และใช้งานได้นาน\r\n\r\n4 โปรแกรมการซัก (Regular, Speed , Delicate , Soak)\r\n\r\nรับประกันมอเตอร์ 10 ปี\r\n\r\nข้อมูลจำเพาะ / Specifications:\r\nความจุ (กก.) 6.5\r\nการกินไฟ (วัตต์) ซัก, ปั่น 390, 355\r\nแรงดันไฟฟ้า (โวลท์, เฮิร์ต) 220V, 50Hz\r\nระดับน้ำ (ลิตร) 12-53 ลิตร\r\nMotor Belt Drive\r\nCircular Intake (30-90 นาที) มี\r\nโปรแกรมซักผ้า 4\r\nโปรแกรมป้องกันเด็ก (Childproof) มี\r\nขาตั้ง มี\r\nถุงกรองใยผ้า เคลื่อนที่อิสระ\r\nวัสดุถังซักภายใน แสตนเลส\r\nวัสดุถังเหล็กเคลือบกันสนิม 2 ชั้น มี\r\nลักษณะจานซัก สกรู 6 ครีบ\r\nHybrid Screw Pulsator จานยับยั้งแบคทีเรียและเชื้อรา มี\r\n\r\nขนาดเครื่อง (มม.) (กลส) 555x590x905\r\nขนาดกล่อง (มม.) (กลส) 570x585x980'),
(8, 5, 6, 'PANASONIC NI-27A', 850, 15, '5f9ea4683d7966.58706893.jpg', 'ข้อมูลทั่วไป / Overview:\r\nเตารีดแห้งพานาโซนิค​ NI-27A น้ำหนัก 2.45 กก.\r\n\r\nคุณสมบัติ\r\n- Heavy Weight\r\n- ฉนวนป้องกันความร้อน​ ป้องกันความร้อนระหว่างแผ่นความร้อนกับตัวเตารีด ช่วยยืดอายุการใช้งานได้อย่างมีประสิทธิภาพ\r\n- ร่องขอบฐานและปลายหัวเตารีด​ ออกแบบให้สะดวกในการรีด ทุกพื้นที่ ทุกซอกทุกมุมของเส้อผ้า เช่น สาบเสื้อ ใต้กระดุม คอเสื้อ จีบกระโปรง\r\n- ขั้วสายแบบอิสระ​ รีดเรียบได้อิสระ สะดวก ไม่ทำให้เกิดรอยยับหลังการรีด คุ้มค่า ไม่ทำให้สายหักงอ หรือขาดง่ายช่วยรักษาสายให้ใช้งานได้นาน\r\n- ปลอดภัยด้วยระบบเทอร์มอลฟิวส์ ป้องกันกระแสไฟฟ้าลัดวงจร\r\n\r\nข้อมูลทั่วไป กำลังไฟฟ้า (วัตต์) 1,000\r\nน้ำหนัก (กก.) 2.45\r\nแผ่นความร้อน ไม่มี\r\nสี ดำ (BL)'),
(19, 1, 9, 'HITACHI R-20NP', 4590, 7, '5f9ea4a705a736.94187403.jpg', 'ข้อมูลจำเพาะ / Specifications:\r\nR-20NP (1.7 Q/49 Litres)\r\n\r\nKey Highlights\r\n\r\n• Semi Automatic Defrost System\r\n\r\n• Grid Shelf\r\n\r\n• Moldproof Door Gasket\r\n\r\n• PCM Coated Color Door\r\n\r\n• Dimensions (W x D x H) : 450 x 490 x 500 mm.\r\n\r\n• สีดำ\r\n\r\n• ละลายน้ำแข็งกึ่งอัตโนมัติ\r\n\r\n• ประหยัดพลังงาน : มี\r\n\r\n• การรับประกันเครื่อง 1 ปี\r\n\r\n• การประกันCompressor 5 ปี'),
(25, 3, 10, 'HATARI HB-S16M4', 820, 11, '5fa047f2f3c9f3.40325786.jpg', 'ข้อมูลทั่วไป / Overview:\r\nHB-S16M4\r\nพัดลมปรับระดับ 16 นิ้ว\r\n\r\nปรับแรงลมได้ 3 ระดับ\r\nปรับระดับความสูงได้ 5 ระดับ ได้ตั้ง แต่ 87.5-107.5 เซนติเมตร\r\nปรับส่ายซ้าย-ขวา และหยุดส่ายได้ตามต้องการ\r\nเสริมความปลอดภัยด้วยระบบตัดไฟอัตโนมัติ เทอร์มอล ฟิวส์\r\nมอเตอร์ประสิทธิภาพสูงด้วยระบบรองลื่น ซินเทอริ่ง เมทัล\r\nผ่านกระบวนการผลิตที่ได้รับการรับรองมาตรฐานระบบการจัดการสิ่งแวดล้อม ISO 14001\r\nได้รับมาตรฐานความปลอดภัย มอก.934-2558 จากสำนักงานมาตรฐานผลิตภัณฑ์อุตสาหกรรม กระทรวงอุตสาหกรรม\r\nได้รับมาตรฐานประหยัดไฟเบอร์ 5 จากการไฟฟ้าฝ่ายผลิตแห่งประเทศไทย'),
(26, 4, 2, 'SAMSUNG  AR10TYHZCWKNST', 11990, 900, '5fa3fb57ec5a58.82032777.jpg', 'รายละเอียดสินค้า\r\n\r\n-ขนาด(BTU ที่ระบุในฉลากประหยัดไฟ):9,000\r\n\r\n-สำหรับห้องขนาด(ตรม):12-15\r\n\r\n-ระบบ INVERTER:มี\r\n\r\n-ระบุช่วง BTU:3,500-13,000\r\n\r\n-ประหยัดไฟเบอร์ 5(ดาว):1\r\n\r\n-ขนาด(ซม):29.9 x 82.0 x 21.5\r\n\r\n-SEER ประสิทธิภาพการประหยัดไฟ:19\r\n\r\n-รับประกันCOMPRESER(ปี):10'),
(27, 7, 1, 'LG 70UN7300PTC', 35000, 35, '5fa43c4ce97542.41630350.jpg', 'ข้อมูลทั่วไป / Overview:\r\nReal 4K ความละเอียดจอ 8 ล้านพิกเซล(3,840 x 2,160p)\r\n4K Active HDR ภาพ HDR ทั้งแบบ HDR 10 Pro และ HLG\r\nLG ThinQ AI สมาร์ททีวีใช้งานง่าย สั่งได้ด้วยเสียง\r\nAirplay2 & Homekit แชร์คอนเทนต์จาก iOS สู่จอทีวี\r\nHome Dashboard ควบคุมเครื่องใช้ไฟฟ้าด้วยเมจิกรีโมท\r\n2.0 Ch/20W พลังเสียง 20 วัตต์ เสียงรอบทิศทาง 2.0Ch\r\n\r\nข้อมูลจำเพาะ / Specifications:\r\nจอแสดงผล\r\nขนาดหน้าจอ 70\"\r\nความละเอียด 4K (3840 x 2160p)\r\nประเภท BLU Direct\r\nTruMotion Refresh rate 50Hz (TM100)\r\nVIDEO(PICTURE QUALITY)\r\nIntelligent Processor Quad Core Processor\r\nUpscaler 4K Upscaler\r\nHDR10 Pro Yes\r\nHDR 4K Active HDR\r\nFilmmaker Mode Yes\r\nHDR Effect Yes\r\nVideo Decoder HEVC : 4K@60P, 10bit\r\nVP9 : 4K@60P, 10bit\r\nInstant Game Response (VRR/ALLM) only ALLM\r\nAUDIO\r\nSound Output 20W\r\nChannel 2.0ch\r\nDirection Down Firing\r\nDolby Digital Yes\r\nAI Sound AI Sound Optimizer_Machine learning based\r\nAI Acoustic Tuning Yes\r\nClear Voice Clear Voice III\r\nBluetooth Surround Sound Yes\r\nLG Sound Sync Yes\r\nฟังก์ชั่น AI\r\nAI ThinQ Yes\r\nGoogle Assistant Yes\r\nระบบปฏิบัติการสมาร์ททีวี (OS) webOS Smart TV\r\nLG Voice Search Yes\r\nMobile Connectivity Yes\r\nLG TV Plus App Yes\r\nSmart ThinQ App Yes\r\nApple AirPlay 2 Yes\r\nสมาร์ทฟังก์ชั่น\r\nNumber of CPUs Quad\r\nMagic Remote Control Built-In\r\nSport Alert Yes\r\nการเชื่อมต่อ\r\nScreen Share Yes\r\nHDMI 3\r\nHDMI Version HDMI 2.0\r\nUSB 2\r\nOptical Digital Audio Out Yes\r\nBluetooth Vision 5.0 Yes\r\nคุณสมบัติเพิ่มเติม\r\nTime Machine (DVR) Yes\r\nREMOTE\r\nประเภทของรีโมท Bundle Magic Remote (MR20) in Box\r\nDESIGN\r\nSlim Frame design ดีไซน์ร่วมสมัย ง่ายต่อการจัดวาง\r\nCONNECTIVITY\r\nConnectivity Wi-Fi, Bluetooth 5.0, HDMI 2.0 : 3 ช่อง, USB 2 ช่อง'),
(28, 7, 1, ' LG 75UK6500PTB', 44900, 24, '5fa43cfa6cad94.69657569.jpg', 'ข้อมูลทั่วไป / Overview:\r\nLG UHD 4K Smart TV 75” รุ่น 75UK6500PTB\r\n\r\nคุณลักษณะที่สำคัญ\r\n\r\n• 4K Ultra HD ความละเอียดหน้าจอ 8 ล้านพิกเซล (3840 x 2160p)\r\n• Quad Core Processor เพิ่มประสิทธิภาพในการทำงานและแสดงภาพได้ดีขึ้น\r\n• Active HDR รองรับ HDR แบบ HDR 10 Pro และ HLG Pro\r\n• ThinQ AI สมาร์ททีวีใหม่ล่าสุด รองรับการค้นหาและสั่งงานด้วยเสียง\r\n• Metal Frame ดีไซน์กรอบโลหะ หรูหราทุกมุมมอง\r\n• DTS Virtual X สุดยอดประสบการณ์เสียงแบบรอบทิศทางจาก DTS\r\n\r\nข้อมูลจำเพาะ / Specifications:\r\nPicture\r\n\r\n• Display Type : LCD\r\n• Screen Size : 75\r\n• Resolution : 3840 x 2160\r\n• Design : Metal Frame\r\n• Nano Cell Display : No\r\n• Picture Master Processor : α7 Intelligent Processor\r\n• Wide Color Gamut : Wide Color Gamut\r\n• TruMotion/Refresh Rate : TM200\r\n• HDR : Dolby vision/ HDR 10/ HLG\r\n• HDR Effect : Yes (4K/2K)\r\n• 4K HFR : No\r\n• Technicolor Expert Mode: No\r\n• Upscaler : 4K Upscaler\r\n\r\nSound\r\n\r\n• Output : 20W\r\n• Channel : 2.0ch\r\n• Direction : Down Firing\r\n• DOLBY ATMOS : No\r\n• DTS Virtual: X : Yes\r\n• Surround Mode : DTS Virtual: X\r\n• Clear Voice : Clear Voice III\r\n• LG Sound Sync : Yes\r\n• Bluetooth Audio Playback : Yes\r\n\r\nSmart\r\n\r\n• Number of CPUs : Quad\r\n• ThinQ AI : Yes\r\n• Magic Remote Control : Built - In\r\n• Voice Recognition : Yes\r\n• Gallery : No\r\n\r\nConnectivity\r\n\r\n• HDMI : 4\r\n• Simplink (HDMI CEC) : Yes\r\n• ARC : Yes\r\n• USB : 3\r\n• Component : Yes\r\n• Composite In (AV) : Yes\r\n• Optical Digital Audio Out : Yes\r\n• Headphone out : Yes\r\n• Bluetooth (V4.2) : Yes\r\n\r\nAccessory\r\n\r\n• Remote : Magic Remote (MR18, Black Color)'),
(29, 7, 2, 'Samsung QA75Q800TA', 130000, 1, '609e596015ff23.05779248.jpeg', 'ข้อมูลทั่วไป / Overview:\r\nZOOM IN\r\n75\" Q800T QLED 8K Smart TV (2020)\r\nQA75Q800TAKXXT\r\nReal 8K Resolution\r\n8K AI Upscaling\r\nDirect Full Array 24x\r\n\r\nข้อมูลจำเพาะ / Specifications:\r\nProduct\r\nQLED\r\nQ Display\r\n8\r\nDisplay\r\nScreen Size\r\n75\"\r\nResolution\r\n7,680 x 4,320\r\nMoth Eye\r\nYes\r\nScreen Curvature\r\nN/A\r\nVideo\r\nPicture Engine\r\nQuantum Processor 8K\r\nMotion Rate\r\n240\r\nPQI (Picture Quality Index)\r\n4500\r\nHDR (High Dynamic Range)\r\nQuantum HDR 16x\r\nHDR 10+\r\nYes\r\nHLG (Hybrid Log Gamma)\r\nYes\r\nContrast\r\nDirect Full Array 24x\r\nColor\r\n100% Color Volume with Quantum Dot\r\nDual LED\r\nN/A\r\nViewing Angle\r\nUltra Viewing Angle\r\nMicro Dimming\r\nUltimate 8K Dimming Pro\r\nLocal Dimming\r\nDirect Full Array\r\nAuto Depth Enhancer\r\nN/A\r\nContrast Enhancer\r\nYes\r\nAuto Motion Plus\r\nYes\r\nFilm Mode\r\nYes\r\nNatural Mode Support\r\nYes\r\nAudio\r\nDolby Digital Plus\r\nYes\r\nDolby 5.1 Decoder\r\nYes\r\nObject Tracking Sound\r\nOTS+\r\nQ-Symphony\r\nYes\r\nDialog Enhancement\r\nYes\r\nAudio Pre-selection Descriptor\r\nN/A\r\nHole Array Speaker\r\nN/A\r\nSound Output (RMS)\r\n70W\r\nSpeaker Type\r\n4.2.2CH\r\nWoofer\r\nYes\r\nMultiroom Link\r\nYes\r\nBlutooth Audio\r\nYes\r\nSmart Service\r\nSamsung SMART TV\r\nSmart\r\nOperating System\r\nTizen™\r\nBixby\r\nUS English, UK English, India English, Korean, French, German, Italian, Spanish (features vary by language)\r\nVoice Interaction\r\nN/A\r\nFar-Field Voice Interaction\r\nYes\r\nMulti Voice Assistant\r\nN/A\r\nWorks with Google Assistant\r\nN/A\r\nWorks With Alexa\r\nN/A\r\nTV Plus\r\nYes\r\nWeb Browser\r\nYes\r\nSmartThings App Support\r\nYes\r\nSmartThings\r\nYes\r\nSamsung Health\r\nN/A\r\nUniversal Guide\r\nN/A\r\nGallery\r\nYes\r\nConvergence\r\nTV to Mobile - Mirroring\r\nYes\r\nMobile to TV - Mirroring, DLNA\r\nYes\r\nNFC on TV\r\nN/A\r\nTap View\r\nYes\r\nDigital Butler\r\nN/A\r\nMulti-View\r\nYes\r\nSound Wall\r\nN/A\r\nPersonal Screen\r\nN/A\r\nRemote Access\r\nYes\r\nCamera Support\r\nN/A\r\n360 Video Player\r\nYes\r\n360 Camera Support\r\nYes\r\nBluetooth Low Energy\r\nYes\r\nWiFi Direct\r\nYes\r\nTV Sound to Mobile\r\nYes\r\nSound Mirroring\r\nYes\r\nDifferentiation\r\nTune Station\r\nN/A\r\nAuto Hotspot Connect\r\nN/A\r\nS-Share\r\nN/A\r\nAuto Data Backup\r\nN/A\r\nDongle Compatibility (3G / LTE / WiFi)\r\nN/A\r\nAnalog Clean View\r\nN/A\r\nTriple Protection\r\nN/A\r\nImage Booster\r\nN/A\r\nLocal Cinema Mode\r\nN/A\r\nTuner/Broadcasting\r\nDigital Broadcasting\r\nDVB-T2\r\nAnalog Tuner\r\nYes\r\n2 Tuner\r\nN/A\r\nCI (Common Interface)\r\nN/A\r\nData Broadcasting\r\nN/A\r\nTV Key Support\r\nYes\r\nConnectivity\r\nHDMI\r\n4\r\nUSB\r\n2\r\nComponent In (Y/Pb/Pr)\r\nN/A\r\nComposite In (AV)\r\n1 (Common Use for Component Y)\r\nEthernet (LAN)\r\nYes\r\nAudio Out (Mini Jack)\r\nN/A\r\nDigital Audio Out (Optical)\r\n1\r\nRF In (Terrestrial / Cable input)\r\n1/1(Common Use for Terrestrial)/0\r\nEx-Link (RS-232C)\r\nN/A\r\nCI Slot\r\nN/A\r\nHDMI A / Return Ch. Support\r\nYes\r\neARC\r\nYes\r\nHDMI Quick Switch\r\nYes\r\nWireless LAN Built-in\r\nYes (WiFi5)\r\nBluetooth\r\nYes (BT4.2)\r\nAnynet+ (HDMI-CEC)\r\nYes\r\nDesign\r\nDesign\r\nSolid Q\r\nBezel Type\r\n4 Bezel-less\r\nSlim Type\r\nFlat look\r\nFront Color\r\nECLIPSE SILVER\r\nSpeaker Jersey Color\r\nN/A\r\nLight Effect (Deco)\r\nN/A\r\nStand Type\r\nBENDING PLATE\r\nStand Color\r\nECLIPSE SILVER\r\nAdditional Feature\r\nAdaptive Picture\r\nYes\r\nActive Voice Amplifier\r\nYes\r\nAdaptive Sound\r\nAdaptive Sound+\r\nAI Streaming\r\nN/A\r\nAI Upscale\r\nYes\r\nAuto Rotation\r\nN/A\r\nDécor Mode\r\nN/A\r\nMotion Detection (Frame)\r\nN/A\r\nAmbience\r\nAmbient Mode+\r\nBrightness/Color Detection\r\nBrightness/Color Detection\r\nPortrait Mode\r\nN/A\r\nAccessibillity - Voice Guide\r\nUK English, Mandarin Chinese, German, French, Spanish, Italian, Portuguese, Korean\r\nAccessibility - Learn TV Remote / Learn Menu Screen\r\nUK English, French, Spanish, Portuguese\r\nAccessibility - Others\r\nEnlgarge / High Contrast / Multi-output Audio / SeeColors / Color Inversion / Grayscale / Sign Language Zoom / Slow Button Repeat / Auto Detection for Sign Language Zoom Area / Show Closed Caption with Zooming Sign Language\r\nUltra Clean View\r\nN/A\r\nDigital Clean View\r\nYes\r\nAuto Channel Search\r\nYes\r\nAuto Power Off\r\nYes\r\nCaption (Subtitle)\r\nYes\r\nConnect Share™ (HDD)\r\nYes\r\nConnectShare™ (USB 2.0)\r\nYes\r\nEPG\r\nYes\r\nExtended PVR\r\nYes\r\nGame Mode\r\nYes (Auto Game Mode (ALLM), Game Motion Plus, Dynamic Black EQ, Surround Sound, 4K@120Hz (HDMI Port 4))\r\nFreesync\r\nFreeSync Premium\r\nG-SYNC\r\nN/A\r\nOSD Language\r\nLocal Languages\r\nPicture-In-Picture\r\nN/A\r\nBT HID Built-in\r\nYes\r\nUSB HID Support\r\nYes\r\nTeletext (TTX)\r\nYes\r\nTime Shift\r\nYes\r\nV-Chip\r\nN/A\r\nIPv6 Support\r\nYes\r\nMBR Support\r\nYes\r\nEco Feature\r\nEco Sensor\r\nYes\r\nEnergy Efficiency Class\r\nN/A\r\nPower\r\nPower Supply\r\nAC100-240V 50/60Hz\r\nPower Consumption (Max)\r\n540 W\r\nPower Consumption (Stand-by)\r\nN/A\r\nPower Consumption (Energy Saving Mode)\r\nN/A\r\nPower Consumption (Typical)\r\nN/A\r\nPeak Luminance Ratio\r\nN/A\r\nYearly Power Consumption (EU standard)\r\nN/A\r\nDimension\r\nPackage Size (WxHxD)\r\n1862.0 x 1116.0 x 198.0 mm\r\nSet Size with Stand (WxHxD)\r\n1672.5 x 1054.3 x 317.5 mm\r\nSet Size without Stand (WxHxD)\r\n1672.5 x 958.0 x 25.4 mm\r\nStand (Basic) (WxD)\r\n390.0 x 317.5 mm\r\nStand (Minimum) (WxD)\r\n390.0 x 317.5 mm\r\nWeight\r\nPackage Weight\r\n55.2 kg\r\nSet Weight with Stand\r\n43.8 kg\r\nSet Weight without Stand\r\n34.3 kg\r\nAccessory\r\nRemote Controller Model\r\nTM2090C+TM1240A\r\nBatteries (for Remote Control)\r\nYes\r\nSamsung Smart Control (Included)\r\nYes\r\nNo Gap Wall-mount\r\nN/A\r\nOptional Stand Support\r\nN/A\r\nOptional Stand Support (Y20 Studio)\r\nN/A\r\n15m/10m One Invisible Connection Support\r\nN/A\r\nMini Wall Mount Support\r\nN/A\r\nVesa Wall Mount Support\r\nYes\r\nCustomizable Bezel Support\r\nN/A\r\nUser Manual\r\nYes\r\nE-Manual\r\nYes\r\nANT-Cable\r\nN/A\r\nPower Cable\r\nYes\r\nHDMI Cable\r\nN/A\r\nSlim Gender Cable\r\nYes'),
(30, 7, 2, 'Samsung QA65Q80TA', 42000, 16, '5fa43dfe23a1f7.25887054.jpg', 'ข้อมูลทั่วไป / Overview:\r\nุ65\" Q80T QLED Smart 4K TV (2020)\r\nQA65Q80TAKXXT\r\nติดตั้งฟรีเฉพาะพื้นที่กรุงเทพมหานคร,ปทุมธานี,นนทบุรี และสมุทรปราการ เท่านั้น\r\nDirect Full Array 8x\r\nQuantum Processor 4K\r\n\r\nข้อมูลจำเพาะ / Specifications:\r\nProduct\r\nQLED\r\nQ Display\r\n8\r\nDisplay\r\nScreen Size\r\n65\"\r\nResolution\r\n3,840 x 2,160\r\nMoth Eye\r\nN/A\r\nScreen Curvature\r\nN/A\r\nVideo\r\nPicture Engine\r\nQuantum Processor 4K\r\nMotion Rate\r\nMR200\r\nPQI (Picture Quality Index)\r\n3800\r\nHDR (High Dynamic Range)\r\nQuantum HDR 12x\r\nHDR 10+\r\nYes\r\nHLG (Hybrid Log Gamma)\r\nYes\r\nContrast\r\nDirect Full Array 8x\r\nColor\r\n100% Color Volume with Quantum Dot\r\nDual LED\r\nN/A\r\nViewing Angle\r\nWide Viewing Angle\r\nMicro Dimming\r\nSupreme UHD Dimming\r\nLocal Dimming\r\nDirect Full Array\r\nAuto Depth Enhancer\r\nN/A\r\nContrast Enhancer\r\nYes\r\nAuto Motion Plus\r\nYes\r\nFilm Mode\r\nYes\r\nNatural Mode Support\r\nYes\r\nAudio\r\nDolby Digital Plus\r\nYes\r\nDolby 5.1 Decoder\r\nYes\r\nObject Tracking Sound\r\nOTS\r\nQ-Symphony\r\nYes\r\nDialog Enhancement\r\nYes\r\nAudio Pre-selection Descriptor\r\nN/A\r\nHole Array Speaker\r\nN/A\r\nSound Output (RMS)\r\n60W\r\nSpeaker Type\r\n2.2.2CH\r\nWoofer\r\nYes\r\nMultiroom Link\r\nYes\r\nBlutooth Audio\r\nYes\r\nSmart Service\r\nSamsung SMART TV\r\nSmart\r\nOperating System\r\nTizen™\r\nBixby\r\nUS English, Korean, UK English, French, German, Italian, Spanish, India English (features vary by language)\r\nVoice Interaction\r\nN/A\r\nFar-Field Voice Interaction\r\nYes\r\nMulti Voice Assistant\r\nN/A\r\nGoogle Assistant Built-in\r\nN/A\r\nWorks with Google Assistant\r\nN/A\r\nWorks With Alexa\r\nN/A\r\nTV Plus\r\nN/A\r\nWeb Browser\r\nYes\r\nSmartThings App Support\r\nYes\r\nSmartThings\r\nYes\r\nSamsung Health\r\nN/A\r\nUniversal Guide\r\nN/A\r\nGallery\r\nYes\r\nConvergence\r\nTV to Mobile - Mirroring\r\nYes\r\nMobile to TV - Mirroring, DLNA\r\nYes\r\nNFC on TV\r\nN/A\r\nTap View\r\nYes\r\nDigital Butler\r\nN/A\r\nMulti-View\r\nYes\r\nSound Wall\r\nN/A\r\nPersonal Screen\r\nN/A\r\nRemote Access\r\nYes\r\nCamera Support\r\nN/A\r\n360 Video Player\r\nYes\r\n360 Camera Support\r\nYes\r\nBluetooth Low Energy\r\nYes\r\nWiFi Direct\r\nYes\r\nTV Sound to Mobile\r\nYes\r\nSound Mirroring\r\nYes\r\nDifferentiation\r\nTune Station\r\nN/A\r\nAuto Hotspot Connect\r\nN/A\r\nS-Share\r\nN/A\r\nAuto Data Backup\r\nN/A\r\nDongle Compatibility (3G / LTE / WiFi)\r\nN/A\r\nAnalog Clean View\r\nYes\r\nTriple Protection\r\nN/A\r\nImage Booster\r\nN/A\r\nLocal Cinema Mode\r\nN/A\r\nTuner/Broadcasting\r\nDigital Broadcasting\r\nDVB-T2\r\nAnalog Tuner\r\nYes\r\n2 Tuner\r\nN/A\r\nCI (Common Interface)\r\nN/A\r\nData Broadcasting\r\nN/A\r\nTV Key Support\r\nYes\r\nConnectivity\r\nHDMI\r\n4\r\nUSB\r\n2\r\nComponent In (Y/Pb/Pr)\r\nN/A\r\nComposite In (AV)\r\n1\r\nEthernet (LAN)\r\nYes\r\nAudio Out (Mini Jack)\r\nN/A\r\nDigital Audio Out (Optical)\r\n1\r\nRF In (Terrestrial / Cable input)\r\n1/1(Common Use for Terrestrial)/0\r\nEx-Link (RS-232C)\r\nN/A\r\nCI Slot\r\nN/A\r\nHDMI A / Return Ch. Support\r\nYes\r\neARC\r\nYes\r\nHDMI Quick Switch\r\nYes\r\nWireless LAN Built-in\r\nYes (WiFi5)\r\nBluetooth\r\nYes (BT4.2)\r\nAnynet+ (HDMI-CEC)\r\nYes\r\nDesign\r\nDesign\r\nStylish Q\r\nBezel Type\r\n4 Bezel-less\r\nSlim Type\r\nSlim look\r\nFront Color\r\nCARBON SILVER\r\nSpeaker Jersey Color\r\nN/A\r\nLight Effect (Deco)\r\nN/A\r\nStand Type\r\nFLOATING PLATE\r\nStand Color\r\nTITAN BLACK\r\nAdditional Feature\r\nAdaptive Picture\r\nYes\r\nActive Voice Amplifier\r\nYes\r\nAdaptive Sound\r\nAdaptive Sound+\r\nAI Streaming\r\nN/A\r\nAI Upscale\r\nYes\r\nAuto Rotation\r\nN/A\r\nDécor Mode\r\nN/A\r\nMotion Detection (Frame)\r\nN/A\r\nAmbience\r\nAmbient Mode+\r\nBrightness/Color Detection\r\nBrightness/Color Detection\r\nPortrait Mode\r\nN/A\r\nAccessibillity - Voice Guide\r\nUK English, Mandarin Chinese, German, French, Spanish, Italian, Portuguese, Korean\r\nAccessibility - Learn TV Remote / Learn Menu Screen\r\nUK English, French, Spanish, Portuguese\r\nAccessibility - Others\r\nEnlgarge / High Contrast / Multi-output Audio / SeeColors / Color Inversion / Grayscale / Sign Language Zoom / Slow Button Repeat / Auto Detection for Sign Language Zoom AreaRepeat / Auto Detection for Sign Language Zoom Area/ Auto Detection for Sign Language Zoom Areafor Sign Language Zoom Area / Show Closed Caption with Zooming Sign Language\r\nUltra Clean View\r\nN/A\r\nDigital Clean View\r\nYes\r\nAuto Channel Search\r\nYes\r\nAuto Power Off\r\nYes\r\nCaption (Subtitle)\r\nYes\r\nConnect Share™ (HDD)\r\nYes\r\nConnectShare™ (USB 2.0)\r\nYes\r\nEPG\r\nYes\r\nExtended PVR\r\nYes\r\nGame Mode\r\nYes (Auto Game Mode (ALLM), Game Motion Plus, Dynamic Black EQ, Surround Sound, 4K@120Hz (HDMI Port 4))\r\nFreesync\r\nFreeSync Premium\r\nG-SYNC\r\nN/A\r\nOSD Language\r\nLocal Languages\r\nPicture-In-Picture\r\nN/A\r\nBT HID Built-in\r\nYes\r\nUSB HID Support\r\nYes\r\nTeletext (TTX)\r\nYes\r\nTime Shift\r\nYes\r\nV-Chip\r\nN/A\r\nIPv6 Support\r\nYes\r\nMBR Support\r\nYes\r\nEco Feature\r\nEco Sensor\r\nYes\r\nEnergy Efficiency Class\r\nN/A\r\nPower\r\nPower Supply\r\nAC100-240V 50/60Hz\r\nPower Consumption (Max)\r\n285 W\r\nPower Consumption (Stand-by)\r\nN/A\r\nPower Consumption (Energy Saving Mode)\r\nN/A\r\nPower Consumption (Typical)\r\nN/A\r\nPeak Luminance Ratio\r\nN/A\r\nYearly Power Consumption (EU standard)\r\nN/A\r\nDimension\r\nPackage Size (WxHxD)\r\n1621 x 965 x 214 mm\r\nSet Size with Stand (WxHxD)\r\n1446.5 x 905.7 x 289.1 mm\r\nSet Size without Stand (WxHxD)\r\n1446.5 x 829.8 x 53.9 mm\r\nStand (Basic) (WxD)\r\n390.0 x 289.1 mm\r\nStand (Minimum) (WxD)\r\nN/A\r\nWeight\r\nPackage Weight\r\n36.7 kg\r\nSet Weight with Stand\r\n27.8 kg\r\nSet Weight without Stand\r\n24.1 kg\r\nAccessory\r\nRemote Controller Model\r\nTM2050C+TM1240A\r\nBatteries (for Remote Control)\r\nYes\r\nSamsung Smart Control (Included)\r\nYes\r\nNo Gap Wall-mount\r\nN/A\r\nOptional Stand Support\r\nN/A\r\nOptional Stand Support (Y20 Studio)\r\nYes\r\n15m/10m One Invisible Connection Support\r\nN/A\r\nMini Wall Mount Support\r\nYes\r\nVesa Wall Mount Support\r\nYes\r\nCustomizable Bezel Support\r\nN/A\r\nUser Manual\r\nYes\r\nE-Manual\r\nYes\r\nANT-Cable\r\nN/A\r\nPower Cable\r\nYes\r\nHDMI Cable\r\nN/A\r\nSlim Gender Cable\r\nYes'),
(31, 7, 2, 'Samsung QA65Q950TS', 103000, 6, '5fa43eccb912f3.96695558.jpg', 'ข้อมูลทั่วไป / Overview:\r\n65\" Q950TS QLED 8K Smart TV (2020)\r\nQA65Q950TSKXXT\r\nInfinity Q Screen\r\nReal 8K Resolution\r\n8K AI Upscaling\r\n\r\nข้อมูลจำเพาะ / Specifications:\r\nProduct\r\nQLED\r\nQ Display\r\n9\r\nDisplay\r\nScreen Size\r\n65\"\r\nResolution\r\n7,680 x 4,320\r\nMoth Eye\r\nYes\r\nScreen Curvature\r\nN/A\r\nVideo\r\nPicture Engine\r\nQuantum Processor 8K\r\nMotion Rate\r\n200\r\nPQI (Picture Quality Index)\r\n4700\r\nHDR (High Dynamic Range)\r\nQuantum HDR 24x\r\nHDR 10+\r\nYes\r\nHLG (Hybrid Log Gamma)\r\nYes\r\nContrast\r\nDirect Full Array 32x\r\nColor\r\n100% Color Volume with Quantum Dot\r\nDual LED\r\nN/A\r\nViewing Angle\r\nUltra Viewing Angle\r\nMicro Dimming\r\nUltimate 8K Dimming Pro\r\nLocal Dimming\r\nDirect Full Array\r\nAuto Depth Enhancer\r\nN/A\r\nContrast Enhancer\r\nYes\r\nAuto Motion Plus\r\nYes\r\nFilm Mode\r\nYes\r\nNatural Mode Support\r\nYes\r\nAudio\r\nDolby Digital Plus\r\nYes\r\nDolby 5.1 Decoder\r\nYes\r\nObject Tracking Sound\r\nOTS+\r\nQ-Symphony\r\nYes\r\nDialog Enhancement\r\nYes\r\nAudio Pre-selection Descriptor\r\nN/A\r\nHole Array Speaker\r\nN/A\r\nSound Output (RMS)\r\n70W\r\nSpeaker Type\r\n4.2.2CH\r\nWoofer\r\nYes\r\nMultiroom Link\r\nYes\r\nBlutooth Audio\r\nYes\r\nSmart Service\r\nSamsung SMART TV\r\nSmart\r\nOperating System\r\nTizen™\r\nBixby\r\nUS English, Korean, UK English, French, German, Italian, Spanish, India English (features vary by language)\r\nVoice Interaction\r\nN/A\r\nFar-Field Voice Interaction\r\nYes\r\nMulti Voice Assistant\r\nN/A\r\nGoogle Assistant Built-in\r\nN/A\r\nWorks with Google Assistant\r\nN/A\r\nWorks With Alexa\r\nN/A\r\nTV Plus\r\nYes\r\nWeb Browser\r\nYes\r\nSmartThings App Support\r\nYes\r\nSmartThings\r\nYes\r\nSamsung Health\r\nN/A\r\nUniversal Guide\r\nN/A\r\nGallery\r\nYes\r\nConvergence\r\nTV to Mobile - Mirroring\r\nYes\r\nMobile to TV - Mirroring, DLNA\r\nYes\r\nNFC on TV\r\nN/A\r\nTap View\r\nYes\r\nDigital Butler\r\nN/A\r\nMulti-View\r\nYes\r\nSound Wall\r\nN/A\r\nPersonal Screen\r\nN/A\r\nRemote Access\r\nYes\r\nCamera Support\r\nN/A\r\n360 Video Player\r\nYes\r\n360 Camera Support\r\nYes\r\nBluetooth Low Energy\r\nYes\r\nWiFi Direct\r\nYes\r\nTV Sound to Mobile\r\nYes\r\nSound Mirroring\r\nYes\r\nDifferentiation\r\nTune Station\r\nN/A\r\nAuto Hotspot Connect\r\nN/A\r\nS-Share\r\nN/A\r\nAuto Data Backup\r\nN/A\r\nDongle Compatibility (3G / LTE / WiFi)\r\nN/A\r\nAnalog Clean View\r\nYes\r\nTriple Protection\r\nN/A\r\nImage Booster\r\nN/A\r\nLocal Cinema Mode\r\nN/A\r\nTuner/Broadcasting\r\nDigital Broadcasting\r\nDVB-T2\r\nAnalog Tuner\r\nYes\r\n2 Tuner\r\nN/A\r\nCI (Common Interface)\r\nN/A\r\nData Broadcasting\r\nN/A\r\nTV Key Support\r\nYes\r\nConnectivity\r\nHDMI\r\n4\r\nUSB\r\n3\r\nComponent In (Y/Pb/Pr)\r\nN/A\r\nComposite In (AV)\r\n1\r\nEthernet (LAN)\r\nYes\r\nAudio Out (Mini Jack)\r\nN/A\r\nDigital Audio Out (Optical)\r\n1\r\nRF In (Terrestrial / Cable input)\r\n1/1(Common Use for Terrestrial)/0\r\nEx-Link (RS-232C)\r\nN/A\r\nCI Slot\r\nN/A\r\nHDMI A / Return Ch. Support\r\nYes\r\neARC\r\nYes\r\nHDMI Quick Switch\r\nYes\r\nWireless LAN Built-in\r\nYes (WIFI6)\r\nBluetooth\r\nYes (BT4.2)\r\nAnynet+ (HDMI-CEC)\r\nYes\r\nDesign\r\nDesign\r\nZero\r\nBezel Type\r\nZero Bezel\r\nSlim Type\r\nUltra Slim\r\nFront Color\r\nSTAINLESS STEEL\r\nSpeaker Jersey Color\r\nN/A\r\nLight Effect (Deco)\r\nN/A\r\nStand Type\r\nFLOATING DELTA STAND\r\nStand Color\r\nSLATE BLACK\r\nAdditional Feature\r\nAdaptive Picture\r\nYes\r\nActive Voice Amplifier\r\nYes\r\nAdaptive Sound\r\nAdaptive Sound+\r\nAI Streaming\r\nN/A\r\nAI Upscale\r\nYes\r\nAuto Rotation\r\nN/A\r\nDécor Mode\r\nN/A\r\nMotion Detection (Frame)\r\nN/A\r\nAmbience\r\nAmbient Mode+\r\nBrightness/Color Detection\r\nBrightness/Color Detection\r\nPortrait Mode\r\nN/A\r\nAccessibillity - Voice Guide\r\nUK English, Mandarin Chinese, German, French, Spanish, Italian, Portuguese, Korean\r\nAccessibility - Learn TV Remote / Learn Menu Screen\r\nUK English, French, Spanish, Portuguese\r\nAccessibility - Others\r\nEnlgarge / High Contrast / Multi-output Audio / SeeColors / Color Inversion / Grayscale / Sign Language Zoom / Slow Button Repeat / Auto Detection for Sign Language Zoom Area / Show Closed Caption with Zooming Sign LanguageSlow Button Repeat / Auto Detection for Sign Language Zoom Area / Show Closed Caption with Zooming Sign Language\r\nUltra Clean View\r\nN/A\r\nDigital Clean View\r\nYes\r\nAuto Channel Search\r\nYes\r\nAuto Power Off\r\nYes\r\nCaption (Subtitle)\r\nYes\r\nConnect Share™ (HDD)\r\nYes\r\nConnectShare™ (USB 2.0)\r\nYes\r\nEPG\r\nYes\r\nExtended PVR\r\nYes\r\nGame Mode\r\nYes (Auto Game Mode (ALLM), Game Motion Plus, Dynamic Black EQ, Surround Sound, 4K@120Hz (HDMI Port 4))\r\nFreesync\r\nFreeSync Premium\r\nG-SYNC\r\nN/A\r\nOSD Language\r\nLocal Languages\r\nPicture-In-Picture\r\nN/A\r\nBT HID Built-in\r\nYes\r\nUSB HID Support\r\nYes\r\nTeletext (TTX)\r\nYes\r\nTime Shift\r\nYes\r\nV-Chip\r\nN/A\r\nIPv6 Support\r\nYes\r\nMBR Support\r\nYes\r\nEco Feature\r\nEco Sensor\r\nYes\r\nEnergy Efficiency Class\r\nN/A\r\nPower\r\nPower Supply\r\nAC100-240V 50/60Hz\r\nPower Consumption (Max)\r\n430 W\r\nPower Consumption (Stand-by)\r\nN/A\r\nPower Consumption (Energy Saving Mode)\r\nN/A\r\nPower Consumption (Typical)\r\nN/A\r\nPeak Luminance Ratio\r\nN/A\r\nYearly Power Consumption (EU standard)\r\nN/A\r\nDimension\r\nPackage Size (WxHxD)\r\n1625 x 956 x 205 mm\r\nSet Size with Stand (WxHxD)\r\n1433.1 x 881.1 x 261.9 mm\r\nSet Size without Stand (WxHxD)\r\n1433.1 x 814.3 x 15.0 mm\r\nStand (Basic) (WxD)\r\n358.0 x 261.9 mm\r\nStand (Minimum) (WxD)\r\n- x -\r\nWeight\r\nPackage Weight\r\n52.4 kg\r\nSet Weight with Stand\r\n32.1 kg\r\nSet Weight without Stand\r\n26.5 kg\r\nAccessory\r\nRemote Controller Model\r\nTM2090C+TM1240A\r\nBatteries (for Remote Control)\r\nYes\r\nSamsung Smart Control (Included)\r\nYes\r\nNo Gap Wall-mount\r\nIncluded\r\nOptional Stand Support\r\nN/A\r\nOptional Stand Support (Y20 Studio)\r\nYes\r\n15m/10m One Invisible Connection Support\r\nYes (10m Only)\r\nMini Wall Mount Support\r\nYes\r\nVesa Wall Mount Support\r\nYes\r\nCustomizable Bezel Support\r\nN/A\r\nUser Manual\r\nYes\r\nE-Manual\r\nYes\r\nANT-Cable\r\nN/A\r\nPower Cable\r\nYes\r\nHDMI Cable\r\nN/A\r\nSlim Gender Cable\r\nYes\r\n'),
(32, 7, 3, 'SONY 85Z8H', 206000, 3, '5fa446aa9528b7.63578341.jpg', 'ข้อมูลทั่วไป / Overview:\r\nคุณสมบัติ\r\n8K X-Reality PRO\r\nความละเอียดที่ยอดเยี่ยมไม่ว่า คุณจะรับชมอะไรก็ตาม\r\nเนื้อหาทุกประเภทสามารถแปลงกลับเป็นความละเอียด 8K เหมือนจริงได้ด้วยคุณสมบัติเฉพาะของ Sony X1 ™ Ultimate ของเราเร็วกว่า X1 ™ Extreme ถึงสองเท่าวิเคราะห์และประมวลผลข้อมูลอย่างแม่นยำเพื่อขับเคลื่อนภาพ 8K ด้วยความละเอียด 4K ถึงสี่เท่าสำหรับฉากที่มีความลึกพื้นผิวและรายละเอียด แม้ แต่ภาพที่ถ่ายด้วย 4K และ 2K ก็ยังได้รับการอัปสเกลให้ใกล้เคียงกับ 8K โดย 8K X-Reality ™ PRO โดยใช้ฐานข้อมูล 8K ที่ไม่เหมือนใคร จากนั้นความละเอียดของ แต่ละเรื่องจะได้รับการปรับให้เหมาะสมโดย Super Resolution แบบ Object-based เพื่อสร้างพื้นผิวเสมือนจริง\r\n\r\nFull Array LED และ X-tended Dynamic Range PRO\r\nเชื่อในความเปรียบต่างที่แท้จริงควบคุมได้อย่างแม่นยำ\r\nการสร้างความสว่างบนแผง 8K อาจเป็นเรื่องยากเนื่องจากมีอัตราการส่งข้อมูลต่ำ ทีวี 8K นี้ปรับสมดุลแสงที่ส่งออกบนหน้าจอได้อย่างแม่นยำเพื่อให้แน่ใจว่า ฉากต่างๆ มีความเปรียบต่างที่น่าทึ่ง ด้วยโซนของไฟ LED ที่สว่างอย่างอิสระ LED Full Array จึงให้คอนทราสต์ที่สมจริงยิ่งขึ้นโดยการทำให้บริเวณที่สว่างเบาลงและพื้นที่มืดมืดลง คอนทราสต์ได้รับการปรับปรุงเพิ่มเติมโดย 8K X-tended Dynamic Range ™ PRO6 ซึ่งจะปรับความสว่างสำหรับจุดสูงสุดที่สูงขึ้นในแสงจ้าและเงาดำลึก\r\n\r\nไตรลูมิโนส\r\nสร้างช่วงสีที่กว้างและแม่นยำยิ่งขึ้น\r\nด้วยการขยายสเปกตรัมสีให้กว้างขึ้น TRILUMINOS ที่ขับเคลื่อนโดยโปรเซสเซอร์ X1 ของเราจะสร้างสีสันได้มากกว่าโทรทัศน์ทั่วไป มันจะวิเคราะห์และประมวลผลข้อมูลในทุกภาพเพื่อให้สีเป็นธรรมชาติและแม่นยำยิ่งขึ้นเพื่อให้ภาพมีความใกล้เคียงกับชีวิตจริงมากขึ้นกว่าเดิม\r\n\r\nมุมกว้าง X\r\nสีสันสวยงามจากทุกด้าน\r\nการดูทีวีจากด้านข้างเป็นที่น่าพอใจพอ ๆ กับจากส่วนกลาง การออกแบบออปติคอลดั้งเดิมของ Sony เพื่อควบคุมแสงจากแบ็คไลท์แผง X-Wide Angle ทำให้มั่นใจได้ว่า สีจะเป็นจริงจากทุกที่ที่คุณรับชม\r\n\r\nX-Motion Clarity\r\nทำให้ฉากที่เคลื่อนไหวเร็วสว่างและชัดเจน\r\nในบางหน้าจอกีฬาและฉากแอ็คชั่นที่รวดเร็วอาจดูเบลอได้ เทคโนโลยี X-Motion Clarity ™ล่าสุดของเราช่วยให้ทุกอย่างราบรื่นสว่างและชัดเจน การกะพริบ แต่ละครั้งจะถูกควบคุมแยกกันและปรับระยะเวลาให้เหมาะสมในขณะที่ความสว่างจะเพิ่มขึ้นเมื่อจำเป็นดังนั้นคุณจะไม่พลาดสิ่งใดสิ่งหนึ่ง\r\n\r\nSuper Bit Mapping HDR\r\nSuper Bit Mapping HDR\r\nมีหลายพันโทนสีและการไล่ระดับของแสงในยามพระอาทิตย์ตก Super Bit Mapping HDR เผยให้เห็น สร้างคุณภาพของภาพทีวี 8K ที่นุ่มนวลและเป็นธรรมชาติขณะที่คุณรับชมโดยไม่มี“ แถบคาด” ที่อาจเกิดขึ้นกับทีวีเครื่องอื่น ๆ\r\n\r\nรูปภาพคุณภาพระดับสตูดิโอ\r\nรีมาสเตอร์ HDR ตามวัตถุ\r\nด้วย Object-based HDR remaster สีของวัตถุ แต่ละชิ้นบนหน้าจอจะถูกวิเคราะห์และปรับความคมชัด ซึ่งแตกต่างจากทีวีส่วนใหญ่ที่ปรับคอนทราสต์ตามเส้นโค้งคอนทราสต์ขาวดำเพียงเส้นเดียว เนื่องจากวัตถุได้รับการรีมาสเตอร์ทีละรายการทีวีนี้จึงสามารถสร้างความลึกพื้นผิวและภาพที่สมจริงยิ่งขึ้น\r\n\r\nการประมวลผลฐานข้อมูลคู่\r\nการประมวลผลฐานข้อมูลคู่\r\nฐานข้อมูลเดียวใช้ในการทำความสะอาดภาพลดสัญญาณรบกวนบนหน้าจอ ส่วนอื่น ๆ ใช้เพื่อเพิ่มความละเอียดและเพิ่มความคมชัด ฐานข้อมูลการปรับปรุงรูปภาพที่มีประสิทธิภาพทั้งสองนี้ทำงานร่วมกันโดยปรับปรุงพิกเซลแบบไดนามิกตามเวลาจริง แต่ละฐานข้อมูลมีข้อมูลอ้างอิงหลายหมื่นรายการ ซึ่งรวบรวมจากประสบการณ์ของเราในการสร้างเนื้อหาสำหรับทีวีและภาพยนตร์ในช่วงหลายปีที่ผ่านมา\r\n\r\nอะคูสติก Multi-Audio\r\nฟังเสียงจากตำแหน่งที่เหมาะสมในฉาก\r\nเสียงในทีวีทั่วไปที่มีลำโพงอยู่ด้านล่างหน้าจอมักไม่ตรงกับภาพ Acoustic Multi-Audio ™ของเราประกอบด้วยทวีตเตอร์แบบสั่น ซึ่งเป็นลำโพงที่ให้เสียงเป็นไปตามการกระทำเพื่อประสบการณ์ที่ดื่มด่ำอย่างแท้จริง แอมป์อิสระได้รับการควบคุมแยกต่างหากเพื่อจัดการตำแหน่งเสียงของลำโพงนี้ในย่านโทนเสียงสูงอย่างแม่นยำช่วยเพิ่มความดันเสียงและความเสถียรเพื่อความสมจริงยิ่งขึ้น7\r\n\r\nโหมด TV Center Speaker\r\nโหมดลำโพงกลางทีวี: แกนกลางของเสียงที่น่าทึ่ง\r\nใช้ BRAVIA ของคุณเป็นลำโพงกลางและฟังบทสนทนาเสียงร้องและเครื่องดนตรีด้วยความชัดเจนเป็นพิเศษ เพียงเชื่อมต่อระบบโฮมเธียเตอร์ของคุณเพื่อปลดปล่อยประสบการณ์การรับชมภาพยนตร์ที่สมจริง\r\n\r\nS-Force Front Surround\r\nเพลิดเพลินกับเสียงหลายมิติด้วย S-Force Front Surround\r\nฟังเสียงเหมือนที่คุณได้ยินจากลำโพงมัลติเซอร์ราวด์แยกต่างหาก ด้วยการแปลงอินพุท S-Force Front Surround จะสร้างระบบลำโพงมัลติเซอร์ราวด์ภายในทีวีของคุณเพื่อให้คุณสามารถเพลิดเพลินกับเสียงที่สมจริงยิ่งขึ้น\r\n\r\nซูมเสียง\r\nได้ยินเสียงอย่างชัดเจน\r\nด้วย Voice Zoom คุณสามารถได้ยินเสียงพูดของมนุษย์ได้อย่างชัดเจนโดยไม่ต้องเพิ่มระดับเสียง - เหมาะสำหรับประกาศข่าวและสารคดี\r\n\r\nซับวูฟเฟอร์ในตัว\r\nเพิ่มพลังให้กับซาวด์แทร็กของคุณ\r\nด้วยซับวูฟเฟอร์ที่รวมอยู่ในด้านหลังของทีวีคุณจะได้ยินเสียงที่หนักแน่นและไดนามิกมากขึ้นเหมาะอย่างยิ่งสำหรับภาพยนตร์แอ็คชั่นและเพลง\r\n\r\nเทคโนโลยีการปรับสภาพแวดล้อม\r\nภาพและเสียงที่ยอดเยี่ยมไม่ว่า จะอยู่ในสภาพแวดล้อมใด\r\nเอนหลังและเพลิดเพลินไปกับประสบการณ์การรับชมที่ดีที่สุด เทคโนโลยีการปรับสภาพแวดล้อมที่เป็นเอกลักษณ์ของ Sony จะปรับภาพและเสียงให้เข้ากับสภาพแวดล้อมของคุณโดยอัตโนมัติ\r\n\r\nแนวคิดการออกแบบกระดานชนวนหนึ่งเดียว\r\nแนวคิดการออกแบบกระดานชนวนหนึ่งเดียว\r\nการออกแบบกระดานชนวนที่เพรียวบางและเรียบง่ายของเราช่วยให้คุณมีสมาธิกับหน้าจอในขณะที่ผสมผสานอย่างกลมกลืนในทุกสภาพแวดล้อมของห้อง\r\n\r\nกรอบแคบ\r\nกรอบแคบ\r\nช่วยให้คุณจดจ่อกับภาพไม่ใช่โทรทัศน์\r\n\r\nเสียงรบกวนน้อยลง\r\nขาตั้งแยกตำแหน่งคู่\r\nแท่นวางที่ลดเสียงรบกวนของเราตั้งอยู่บนชั้นวางอย่างไม่เหมาะสมและไม่ทำให้ประสบการณ์การรับชมของคุณลดลง ด้วยการตั้งค่าที่กว้างและแคบคุณสามารถใช้กับชั้นวางขนาดใหญ่หรือเล็กได้\r\n\r\nการจัดการสายเคเบิล\r\nความยุ่งเหยิงของสายเคเบิลลดลง\r\nที่ยึดสายเคเบิลซ่อนสายไฟไว้อย่างเรียบร้อยเพื่อให้โทรทัศน์ของคุณไม่เกะกะและดูดีจากด้านหน้าด้านข้างและด้านหลัง8\r\n\r\nการควบคุมด้วยเสียงขั้นสูง\r\nเพียงแค่พูดคุยวิธีที่สนุกในการสำรวจโลกใหม่\r\nค้นหาความบันเทิงทั้งหมดที่คุณฝันถึงได้เร็วที่สุดเท่าที่คุณสามารถพูดได้ ด้วยการควบคุมด้วยเสียงขั้นสูงสมาร์ททีวี Android นี้ให้คุณเพลิดเพลินกับภาพยนตร์และรายการจากแอพหรือออกอากาศได้ในทันที9 10\r\n\r\nแอพที่เหนือชั้น\r\nแอพมากกว่า 5,000 แอพมากกว่าสมาร์ททีวีอื่น ๆ\r\nAndroid TV ของ Sony มีแอพจำนวนมากที่ไม่มีใครเทียบได้ เลือกสิ่งที่ทำให้ชีวิตของคุณสนุกสนานและสนุกสนานมากขึ้น11\r\n\r\nไม่ต้องรออีกต่อไปด้วยแอพ\r\nไม่ต้องรออีกต่อไป\r\nแอปเริ่มต้นอย่างรวดเร็วและไม่ต้องรออีกต่อไปเมื่อคุณสลับไปมาระหว่างแอป Netflix เริ่มเร็วกว่าเดิม 3 เท่า12\r\n\r\nแนะนำโดย Netflix\r\nNetflix แนะนำ Android TV ของเรา\r\nNetflix ได้สร้างวิธีง่ายๆ สำหรับคุณในการระบุทีวีที่มีประสิทธิภาพที่ดีขึ้นเข้าถึงแอพได้ง่ายขึ้นและคุณสมบัติใหม่ ๆ ที่ทำให้สมาร์ททีวีดีขึ้น ทีวีที่แนะนำของ Netflix ช่วยให้คุณเพลิดเพลินกับรายการและภาพยนตร์ยอดนิยมด้วยปุ่มเฉพาะและการควบคุมด้วยเสียง\r\n\r\nเชื่อมต่อกับ Alexa ของคุณ\r\nเชื่อมต่อกับ Alexa ของคุณ\r\nเชื่อมต่ออุปกรณ์ที่เปิดใช้งาน Alexa เพื่อควบคุมทีวี Sony แบบแฮนด์ฟรีได้อย่างราบรื่น ด้วย Alexa คุณสามารถเปิดทีวีเปลี่ยนช่องควบคุมระดับเสียงและอื่น ๆ อีกมากมาย13\r\n\r\nทำงานร่วมกับ Google Assistant ของคุณ\r\nทำงานร่วมกับ Google Home\r\nเชื่อมต่อ Google Home เพื่อควบคุมทีวี Sony แบบแฮนด์ฟรีได้อย่างราบรื่น ด้วย Google Home คุณสามารถค้นหาและส่งวิดีโอโปรดของคุณไปยังทีวี Sony ได้โดยไม่ต้องยกนิ้ว\r\n\r\nApple AirPlay และ Apple HomeKit\r\nทำงานร่วมกับ Apple AirPlay / Apple HomeKit14\r\nด้วย Apple AirPlay คุณสามารถสตรีมวิดีโอและเสียงไปยังโทรทัศน์ของคุณได้จาก iPhone, iPad หรือ Mac ของคุณ ชมภาพยนตร์และรายการจากแอพ Apple TV แอพโปรดของคุณหรือแม้ แต่ Safari แบ่งปันภาพถ่ายของคุณกับทุกคนในห้อง15\r\n\r\nChromecast\r\nส่งไปยังหน้าจอที่ใหญ่กว่าและดีกว่าด้วย Chromecast\r\nChromecast ช่วยให้คุณสามารถแคสต์วิดีโอเกมและแอปที่คุณชื่นชอบจากอุปกรณ์เคลื่อนที่ในคุณภาพเต็มรูปแบบไปยังทีวีของคุณ เพียงแตะปุ่ม \"แคสต์\" เพียงครั้งเดียวบนหน้าจอ Android หรือ iOS ของคุณก็เป็นสิ่งที่คุณต้องการเพื่อเพิ่มขนาดสิ่งที่คุณชื่นชอบ แคสต์เนื้อหาของคุณแล้วเรียกดูต่อบนโทรศัพท์หรือแท็บเล็ตของคุณ16\r\n\r\nรีโมทดีไซน์พรีเมียม\r\nออกแบบมาอย่างสวยงาม\r\nรีโมทดีไซน์พรีเมี่ยมของเราทำจากอะลูมิเนียมปัดเงาพร้อมเส้นขนช่วยให้จับถือได้ดีและกลมกลืนกับห้องนั่งเล่นของคุณ ควบคุมทีวีของคุณแม้ว่า จะมีสิ่งของขวางทางด้วยการเชื่อมต่อบลูทู ธ และใช้ปุ่มกดเพียงปุ่มเดียวเพื่อจัดการฟังก์ชันหลักได้อย่างง่ายดาย17\r\n\r\nรีโมทอัจฉริยะ\r\nควบคุมง่ายด้วยรีโมทอัจฉริยะ\r\nเชื่อมต่อกล่องรับสัญญาณและอุปกรณ์อื่น ๆ ผ่าน HDMI เข้ากับทีวีของคุณและควบคุมอุปกรณ์ทั้งหมดโดยใช้ตัวควบคุมอัจฉริยะเพียงเครื่องเดียว การออกแบบที่เพรียวบางและโค้งมนมากขึ้นพร้อมไมโครโฟนควบคุมเสียงในตัวและรูปแบบปุ่มที่ปรับปรุงใหม่ทำให้ใช้งานได้ง่ายเช่นกัน18\r\n\r\nรีโมทเรืองแสง\r\nมองเห็นได้ในที่มืดด้วยรีโมทเรืองแสง\r\nเพียงถือรีโมทที่มีแบ็คไลท์ในตัวเพื่อเปลี่ยนช่องและระดับเสียงเมื่อดูทีวีในที่มืด17\r\n\r\nGoogle Play\r\nGoogle Play ™: โลกแห่งเนื้อหาและแอป\r\nค้นพบภาพยนตร์และรายการทีวีเกมและอื่น ๆ อีกมากมายจาก Go'),
(33, 7, 3, 'SONY 65X9500H', 53000, 8, '5fa44057ad1b86.97903797.jpg', 'ข้อมูลทั่วไป / Overview:\r\nคุณสมบัติ\r\n8K X-Reality PRO\r\nความละเอียดที่ยอดเยี่ยมไม่ว่า คุณจะรับชมอะไรก็ตาม\r\nเนื้อหาทุกประเภทสามารถแปลงกลับเป็นความละเอียด 8K เหมือนจริงได้ด้วยคุณสมบัติเฉพาะของ Sony X1 ™ Ultimate ของเราเร็วกว่า X1 ™ Extreme ถึงสองเท่าวิเคราะห์และประมวลผลข้อมูลอย่างแม่นยำเพื่อขับเคลื่อนภาพ 8K ด้วยความละเอียด 4K ถึงสี่เท่าสำหรับฉากที่มีความลึกพื้นผิวและรายละเอียด แม้ แต่ภาพที่ถ่ายด้วย 4K และ 2K ก็ยังได้รับการอัปสเกลให้ใกล้เคียงกับ 8K โดย 8K X-Reality ™ PRO โดยใช้ฐานข้อมูล 8K ที่ไม่เหมือนใคร จากนั้นความละเอียดของ แต่ละเรื่องจะได้รับการปรับให้เหมาะสมโดย Super Resolution แบบ Object-based เพื่อสร้างพื้นผิวเสมือนจริง\r\n\r\nFull Array LED และ X-tended Dynamic Range PRO\r\nเชื่อในความเปรียบต่างที่แท้จริงควบคุมได้อย่างแม่นยำ\r\nการสร้างความสว่างบนแผง 8K อาจเป็นเรื่องยากเนื่องจากมีอัตราการส่งข้อมูลต่ำ ทีวี 8K นี้ปรับสมดุลแสงที่ส่งออกบนหน้าจอได้อย่างแม่นยำเพื่อให้แน่ใจว่า ฉากต่างๆ มีความเปรียบต่างที่น่าทึ่ง ด้วยโซนของไฟ LED ที่สว่างอย่างอิสระ LED Full Array จึงให้คอนทราสต์ที่สมจริงยิ่งขึ้นโดยการทำให้บริเวณที่สว่างเบาลงและพื้นที่มืดมืดลง คอนทราสต์ได้รับการปรับปรุงเพิ่มเติมโดย 8K X-tended Dynamic Range ™ PRO6 ซึ่งจะปรับความสว่างสำหรับจุดสูงสุดที่สูงขึ้นในแสงจ้าและเงาดำลึก\r\n\r\nไตรลูมิโนส\r\nสร้างช่วงสีที่กว้างและแม่นยำยิ่งขึ้น\r\nด้วยการขยายสเปกตรัมสีให้กว้างขึ้น TRILUMINOS ที่ขับเคลื่อนโดยโปรเซสเซอร์ X1 ของเราจะสร้างสีสันได้มากกว่าโทรทัศน์ทั่วไป มันจะวิเคราะห์และประมวลผลข้อมูลในทุกภาพเพื่อให้สีเป็นธรรมชาติและแม่นยำยิ่งขึ้นเพื่อให้ภาพมีความใกล้เคียงกับชีวิตจริงมากขึ้นกว่าเดิม\r\n\r\nมุมกว้าง X\r\nสีสันสวยงามจากทุกด้าน\r\nการดูทีวีจากด้านข้างเป็นที่น่าพอใจพอ ๆ กับจากส่วนกลาง การออกแบบออปติคอลดั้งเดิมของ Sony เพื่อควบคุมแสงจากแบ็คไลท์แผง X-Wide Angle ทำให้มั่นใจได้ว่า สีจะเป็นจริงจากทุกที่ที่คุณรับชม\r\n\r\nX-Motion Clarity\r\nทำให้ฉากที่เคลื่อนไหวเร็วสว่างและชัดเจน\r\nในบางหน้าจอกีฬาและฉากแอ็คชั่นที่รวดเร็วอาจดูเบลอได้ เทคโนโลยี X-Motion Clarity ™ล่าสุดของเราช่วยให้ทุกอย่างราบรื่นสว่างและชัดเจน การกะพริบ แต่ละครั้งจะถูกควบคุมแยกกันและปรับระยะเวลาให้เหมาะสมในขณะที่ความสว่างจะเพิ่มขึ้นเมื่อจำเป็นดังนั้นคุณจะไม่พลาดสิ่งใดสิ่งหนึ่ง\r\n\r\nSuper Bit Mapping HDR\r\nSuper Bit Mapping HDR\r\nมีหลายพันโทนสีและการไล่ระดับของแสงในยามพระอาทิตย์ตก Super Bit Mapping HDR เผยให้เห็น สร้างคุณภาพของภาพทีวี 8K ที่นุ่มนวลและเป็นธรรมชาติขณะที่คุณรับชมโดยไม่มี“ แถบคาด” ที่อาจเกิดขึ้นกับทีวีเครื่องอื่น ๆ\r\n\r\nรูปภาพคุณภาพระดับสตูดิโอ\r\nรีมาสเตอร์ HDR ตามวัตถุ\r\nด้วย Object-based HDR remaster สีของวัตถุ แต่ละชิ้นบนหน้าจอจะถูกวิเคราะห์และปรับความคมชัด ซึ่งแตกต่างจากทีวีส่วนใหญ่ที่ปรับคอนทราสต์ตามเส้นโค้งคอนทราสต์ขาวดำเพียงเส้นเดียว เนื่องจากวัตถุได้รับการรีมาสเตอร์ทีละรายการทีวีนี้จึงสามารถสร้างความลึกพื้นผิวและภาพที่สมจริงยิ่งขึ้น\r\n\r\nการประมวลผลฐานข้อมูลคู่\r\nการประมวลผลฐานข้อมูลคู่\r\nฐานข้อมูลเดียวใช้ในการทำความสะอาดภาพลดสัญญาณรบกวนบนหน้าจอ ส่วนอื่น ๆ ใช้เพื่อเพิ่มความละเอียดและเพิ่มความคมชัด ฐานข้อมูลการปรับปรุงรูปภาพที่มีประสิทธิภาพทั้งสองนี้ทำงานร่วมกันโดยปรับปรุงพิกเซลแบบไดนามิกตามเวลาจริง แต่ละฐานข้อมูลมีข้อมูลอ้างอิงหลายหมื่นรายการ ซึ่งรวบรวมจากประสบการณ์ของเราในการสร้างเนื้อหาสำหรับทีวีและภาพยนตร์ในช่วงหลายปีที่ผ่านมา\r\n\r\nอะคูสติก Multi-Audio\r\nฟังเสียงจากตำแหน่งที่เหมาะสมในฉาก\r\nเสียงในทีวีทั่วไปที่มีลำโพงอยู่ด้านล่างหน้าจอมักไม่ตรงกับภาพ Acoustic Multi-Audio ™ของเราประกอบด้วยทวีตเตอร์แบบสั่น ซึ่งเป็นลำโพงที่ให้เสียงเป็นไปตามการกระทำเพื่อประสบการณ์ที่ดื่มด่ำอย่างแท้จริง แอมป์อิสระได้รับการควบคุมแยกต่างหากเพื่อจัดการตำแหน่งเสียงของลำโพงนี้ในย่านโทนเสียงสูงอย่างแม่นยำช่วยเพิ่มความดันเสียงและความเสถียรเพื่อความสมจริงยิ่งขึ้น7\r\n\r\nโหมด TV Center Speaker\r\nโหมดลำโพงกลางทีวี: แกนกลางของเสียงที่น่าทึ่ง\r\nใช้ BRAVIA ของคุณเป็นลำโพงกลางและฟังบทสนทนาเสียงร้องและเครื่องดนตรีด้วยความชัดเจนเป็นพิเศษ เพียงเชื่อมต่อระบบโฮมเธียเตอร์ของคุณเพื่อปลดปล่อยประสบการณ์การรับชมภาพยนตร์ที่สมจริง\r\n\r\nS-Force Front Surround\r\nเพลิดเพลินกับเสียงหลายมิติด้วย S-Force Front Surround\r\nฟังเสียงเหมือนที่คุณได้ยินจากลำโพงมัลติเซอร์ราวด์แยกต่างหาก ด้วยการแปลงอินพุท S-Force Front Surround จะสร้างระบบลำโพงมัลติเซอร์ราวด์ภายในทีวีของคุณเพื่อให้คุณสามารถเพลิดเพลินกับเสียงที่สมจริงยิ่งขึ้น\r\n\r\nซูมเสียง\r\nได้ยินเสียงอย่างชัดเจน\r\nด้วย Voice Zoom คุณสามารถได้ยินเสียงพูดของมนุษย์ได้อย่างชัดเจนโดยไม่ต้องเพิ่มระดับเสียง - เหมาะสำหรับประกาศข่าวและสารคดี\r\n\r\nซับวูฟเฟอร์ในตัว\r\nเพิ่มพลังให้กับซาวด์แทร็กของคุณ\r\nด้วยซับวูฟเฟอร์ที่รวมอยู่ในด้านหลังของทีวีคุณจะได้ยินเสียงที่หนักแน่นและไดนามิกมากขึ้นเหมาะอย่างยิ่งสำหรับภาพยนตร์แอ็คชั่นและเพลง\r\n\r\nเทคโนโลยีการปรับสภาพแวดล้อม\r\nภาพและเสียงที่ยอดเยี่ยมไม่ว่า จะอยู่ในสภาพแวดล้อมใด\r\nเอนหลังและเพลิดเพลินไปกับประสบการณ์การรับชมที่ดีที่สุด เทคโนโลยีการปรับสภาพแวดล้อมที่เป็นเอกลักษณ์ของ Sony จะปรับภาพและเสียงให้เข้ากับสภาพแวดล้อมของคุณโดยอัตโนมัติ\r\n\r\nแนวคิดการออกแบบกระดานชนวนหนึ่งเดียว\r\nแนวคิดการออกแบบกระดานชนวนหนึ่งเดียว\r\nการออกแบบกระดานชนวนที่เพรียวบางและเรียบง่ายของเราช่วยให้คุณมีสมาธิกับหน้าจอในขณะที่ผสมผสานอย่างกลมกลืนในทุกสภาพแวดล้อมของห้อง\r\n\r\nกรอบแคบ\r\nกรอบแคบ\r\nช่วยให้คุณจดจ่อกับภาพไม่ใช่โทรทัศน์\r\n\r\nเสียงรบกวนน้อยลง\r\nขาตั้งแยกตำแหน่งคู่\r\nแท่นวางที่ลดเสียงรบกวนของเราตั้งอยู่บนชั้นวางอย่างไม่เหมาะสมและไม่ทำให้ประสบการณ์การรับชมของคุณลดลง ด้วยการตั้งค่าที่กว้างและแคบคุณสามารถใช้กับชั้นวางขนาดใหญ่หรือเล็กได้\r\n\r\nการจัดการสายเคเบิล\r\nความยุ่งเหยิงของสายเคเบิลลดลง\r\nที่ยึดสายเคเบิลซ่อนสายไฟไว้อย่างเรียบร้อยเพื่อให้โทรทัศน์ของคุณไม่เกะกะและดูดีจากด้านหน้าด้านข้างและด้านหลัง8\r\n\r\nการควบคุมด้วยเสียงขั้นสูง\r\nเพียงแค่พูดคุยวิธีที่สนุกในการสำรวจโลกใหม่\r\nค้นหาความบันเทิงทั้งหมดที่คุณฝันถึงได้เร็วที่สุดเท่าที่คุณสามารถพูดได้ ด้วยการควบคุมด้วยเสียงขั้นสูงสมาร์ททีวี Android นี้ให้คุณเพลิดเพลินกับภาพยนตร์และรายการจากแอพหรือออกอากาศได้ในทันที9 10\r\n\r\nแอพที่เหนือชั้น\r\nแอพมากกว่า 5,000 แอพมากกว่าสมาร์ททีวีอื่น ๆ\r\nAndroid TV ของ Sony มีแอพจำนวนมากที่ไม่มีใครเทียบได้ เลือกสิ่งที่ทำให้ชีวิตของคุณสนุกสนานและสนุกสนานมากขึ้น11\r\n\r\nไม่ต้องรออีกต่อไปด้วยแอพ\r\nไม่ต้องรออีกต่อไป\r\nแอปเริ่มต้นอย่างรวดเร็วและไม่ต้องรออีกต่อไปเมื่อคุณสลับไปมาระหว่างแอป Netflix เริ่มเร็วกว่าเดิม 3 เท่า12\r\n\r\nแนะนำโดย Netflix\r\nNetflix แนะนำ Android TV ของเรา\r\nNetflix ได้สร้างวิธีง่ายๆ สำหรับคุณในการระบุทีวีที่มีประสิทธิภาพที่ดีขึ้นเข้าถึงแอพได้ง่ายขึ้นและคุณสมบัติใหม่ ๆ ที่ทำให้สมาร์ททีวีดีขึ้น ทีวีที่แนะนำของ Netflix ช่วยให้คุณเพลิดเพลินกับรายการและภาพยนตร์ยอดนิยมด้วยปุ่มเฉพาะและการควบคุมด้วยเสียง\r\n\r\nเชื่อมต่อกับ Alexa ของคุณ\r\nเชื่อมต่อกับ Alexa ของคุณ\r\nเชื่อมต่ออุปกรณ์ที่เปิดใช้งาน Alexa เพื่อควบคุมทีวี Sony แบบแฮนด์ฟรีได้อย่างราบรื่น ด้วย Alexa คุณสามารถเปิดทีวีเปลี่ยนช่องควบคุมระดับเสียงและอื่น ๆ อีกมากมาย13\r\n\r\nทำงานร่วมกับ Google Assistant ของคุณ\r\nทำงานร่วมกับ Google Home\r\nเชื่อมต่อ Google Home เพื่อควบคุมทีวี Sony แบบแฮนด์ฟรีได้อย่างราบรื่น ด้วย Google Home คุณสามารถค้นหาและส่งวิดีโอโปรดของคุณไปยังทีวี Sony ได้โดยไม่ต้องยกนิ้ว\r\n\r\nApple AirPlay และ Apple HomeKit\r\nทำงานร่วมกับ Apple AirPlay / Apple HomeKit14\r\nด้วย Apple AirPlay คุณสามารถสตรีมวิดีโอและเสียงไปยังโทรทัศน์ของคุณได้จาก iPhone, iPad หรือ Mac ของคุณ ชมภาพยนตร์และรายการจากแอพ Apple TV แอพโปรดของคุณหรือแม้ แต่ Safari แบ่งปันภาพถ่ายของคุณกับทุกคนในห้อง15\r\n\r\nChromecast\r\nส่งไปยังหน้าจอที่ใหญ่กว่าและดีกว่าด้วย Chromecast\r\nChromecast ช่วยให้คุณสามารถแคสต์วิดีโอเกมและแอปที่คุณชื่นชอบจากอุปกรณ์เคลื่อนที่ในคุณภาพเต็มรูปแบบไปยังทีวีของคุณ เพียงแตะปุ่ม \"แคสต์\" เพียงครั้งเดียวบนหน้าจอ Android หรือ iOS ของคุณก็เป็นสิ่งที่คุณต้องการเพื่อเพิ่มขนาดสิ่งที่คุณชื่นชอบ แคสต์เนื้อหาของคุณแล้วเรียกดูต่อบนโทรศัพท์หรือแท็บเล็ตของคุณ16\r\n\r\nรีโมทดีไซน์พรีเมียม\r\nออกแบบมาอย่างสวยงาม\r\nรีโมทดีไซน์พรีเมี่ยมของเราทำจากอะลูมิเนียมปัดเงาพร้อมเส้นขนช่วยให้จับถือได้ดีและกลมกลืนกับห้องนั่งเล่นของคุณ ควบคุมทีวีของคุณแม้ว่า จะมีสิ่งของขวางทางด้วยการเชื่อมต่อบลูทู ธ และใช้ปุ่มกดเพียงปุ่มเดียวเพื่อจัดการฟังก์ชันหลักได้อย่างง่ายดาย17\r\n\r\nรีโมทอัจฉริยะ\r\nควบคุมง่ายด้วยรีโมทอัจฉริยะ\r\nเชื่อมต่อกล่องรับสัญญาณและอุปกรณ์อื่น ๆ ผ่าน HDMI เข้ากับทีวีของคุณและควบคุมอุปกรณ์ทั้งหมดโดยใช้ตัวควบคุมอัจฉริยะเพียงเครื่องเดียว การออกแบบที่เพรียวบางและโค้งมนมากขึ้นพร้อมไมโครโฟนควบคุมเสียงในตัวและรูปแบบปุ่มที่ปรับปรุงใหม่ทำให้ใช้งานได้ง่ายเช่นกัน18\r\n\r\nรีโมทเรืองแสง\r\nมองเห็นได้ในที่มืดด้วยรีโมทเรืองแสง\r\nเพียงถือรีโมทที่มีแบ็คไลท์ในตัวเพื่อเปลี่ยนช่องและระดับเสียงเมื่อดูทีวีในที่มืด17\r\n\r\nGoogle Play\r\nGoogle Play ™: โลกแห่งเนื้อหาและแอป\r\nค้นพบภาพยนตร์และรายการทีวีเกมและอื่น ๆ อีกมากมายจาก Go'),
(34, 7, 4, 'SHARP 4T-C70AH1X', 22900, 64, '5fa4410b0f1163.60364688.jpg', 'ข้อมูลทั่วไป / Overview:\r\nหมวดหมู่\r\nShopee\r\nสื่อบันเทิงภายในบ้าน\r\nทีวี\r\n70 นิ้วขึ้นไป\r\nยี่ห้อ\r\nSharp(ชาร์ป)\r\nขนาดหน้าจอ(นิ้ว)\r\n70\r\nResolution\r\nUltraHD(4K)\r\nจำนวน HDMI Ports\r\n4\r\nUSB Ports\r\n2\r\nรองรับระบบ 3D\r\nไม่มี\r\nDimension (WDH) (cm)\r\n97.8156.333.4\r\nน้ำหนัก (กิโล)\r\n33\r\nWarranty (Year)\r\n1\r\n\r\nข้อมูลจำเพาะ / Specifications:\r\nคุณสมบัติ:\r\nSHARP 4TC70AH1X 70 IN ULTRA HD 4K สมาร์ททีวี LED\r\nเทคโนโลยีหน้าจอ: เครื่องรับสัญญาณ LCD-LED\r\nPAL: BG, I, D / K SECAM: B / G, D / K, K / K1 NTSC: M\r\nประเภทพอร์ต: HDMI\r\nขนาด (กว้าง x สูง x ลึก): 1563 X 978 X 334\r\n\r\nข้อมูลจำเพาะ:\r\nเทคโนโลยีหน้าจอ LCD-LED\r\nขนาดหน้าจอ 70 นิ้ว\r\nความละเอียดสูงสุด 3840 x 2160\r\nเทคโนโลยี 3 มิติ :ไม่มี\r\nสมาร์ท Capable : ใช่\r\nแสดงอัตรารีเฟรช 50 / 60HZ\r\nประเภทของพอร์ตการเชื่อมต่อเครือข่ายไร้สาย HDMI : ใช่\r\nน้ำหนัก 32 กก.\r\nขนาด (กว้าง x สูง x ลึก) 1563 X 978 X 334\r\nขนาดบรรจุภัณฑ์ (กว้าง x สูง x ลึก) 1710 X 1050 X 220\r\nน้ำหนักบรรจุภัณฑ์ 40.5 กก.');
INSERT INTO `product` (`productid`, `typeid`, `brandid`, `PDname`, `price`, `count`, `picture`, `info`) VALUES
(35, 7, 6, 'PANASONIC 75HX600T', 32299, 54, '5fa4419052dd54.94117701.jpg', 'ข้อมูลทั่วไป / Overview:\r\nAndroid TV ™\r\nAndroid TV ™\r\n\r\nสัมผัสประสบการณ์ความบันเทิงได้ง่ายขึ้นด้วย Android TV\r\nเลือกชมภาพยนตร์และรายการจากบริการสตรีมมิ่งต่างๆ กว่า 500,000 รายการ\r\n\r\nGoogle, Google Play, YouTube และ Android TV เป็นเครื่องหมายการค้าจดทะเบียนของ Google LLC\r\nอาจจำเป็นต้องสมัครสมาชิกกับผู้ให้บริการเนื้อหาบางราย\r\n\r\nChromecast built-in™\r\n\r\nเล่นภาพยนตร์ เพลง และอื่นๆ อีกมากมายที่คุณชื่นชอบไปยังทีวีของคุณด้วย Chromecast built-in\r\n\r\nChromecast built-in เป็นเครื่องหมายการค้าจดทะเบียนของ Google LLC\r\n\r\nข้อมูลจำเพาะ / Specifications:\r\nคุณภาพของภาพ\r\nจอแสดงผล Panel 4K ULTRA HD LED LCD\r\nBright Panel —\r\nองศาการรับชมแบบกว้าง Y\r\nความละเอียดหน้าจอ 3,840 (กว้าง) x 2,160 (สูง)\r\nPanel Drive DLED - Vivid Digital Pro\r\nโหมดภาพ Vivid / Standard / Sport / User / Movie\r\nโปรเซสเซอร์/โปรแกรมวิดีโอขั้นสูง —\r\nHexa Chroma Drive —\r\n4K Upscaling Y\r\nUltra HD Premium¹ —\r\nรองรับ Multi HDR² HDR10/Dolby Vision\r\nDolby Vision IQ —\r\nโหมด Filmmaker —\r\nเครื่องมือปรับความสว่าง HDR —\r\nเอฟเฟ็กต์ HDR แบบไดนามิก —\r\nLocal Dimming —\r\nBacklight Dimming Y\r\n4K Pure Direct —\r\nโหมด isf —\r\nคุณภาพเสียง Dolby Atmos —\r\nระบบเสียง Surround Dolby Audio / DTS Truesurround\r\nช่องสัญญาณลำโพง 24 W (12 W x 2)\r\nโหมดเสียง Standard / Music / Sport / Movie\r\nฟีเจอร์อัจฉริยะ สมาร์ททีวี Android TV\r\nการนำทางด้วยเสียง Y\r\nตัวช่วยสั่งงานด้วยเสียง Google Assistant\r\nใช้ได้กับ Google Assistant³ —\r\nใช้ได้กับ Alexa⁴ —\r\nEPG Y\r\nแสดงเมนูภาษาบนหน้าจอ 41 ภาษา*\r\nระบบ LAN ไร้สายในตัว Y\r\nTV Anytime⁵ —\r\nการบันทึกข้อมูลบน USB-HDD⁶ —\r\nแอพรีโมตทีวี Panasonic —\r\nSwipe & Share —\r\nแอพอินเตอร์เน็ต Y\r\nเว็บบราวเซอร์⁷ มี (ดาวน์โหลดจาก Google Playstore)\r\nMirroring Y (Chromecast built-in)\r\nเครือข่ายในบ้าน⁸ —\r\nBluetooth⁹ Y (BT5.0)\r\nเสียง/เกมแพด/หูฟัง\r\nBluetooth Audio Link¹⁰ Y\r\nMedia Player Y\r\nฟอร์แมตที่รองรับ MPEG1/MPEG2/MPEG4/H.264/VC1/HEVC/JPEG/BMP/PNG/MP3/WMA\r\nการรับสัญญาณ Teletext —\r\nหลายหน้าต่าง —\r\nโหมดโรงแรม Y\r\nNetflix Recommended TV —\r\nHDAVI Control —\r\nDDR / Flash Memory 1.75 GB / 8.0GB\r\nข้อมูลการใช้ไฟฟ้า\r\nขนาดหน้าจอที่มองเห็น (แนวทแยง) 191 ซม.\r\nอัตราการใช้ไฟ 290W\r\nอัตราการใช้ไฟในโหมดสแตนด์บาย <0.5 W\r\nเครื่องจ่ายไฟ AC 110 - 240 V, 50/60 Hz\r\nเซ็นเซอร์ตรวจจับสภาพแวดล้อม (CATS) —\r\nดีไซน์ ดีไซน์แบบหมุนได้ —\r\nการออกแบบ Switch Design —\r\nดีไซน์บางเฉียบ —\r\nดีไซน์ไร้ขอบ —\r\nขั้วสายไฟ การรับสัญญาณดิจิทัล DVB-T2 (MPEG1/2/4, H.264/H.265/HEVC)/DVB-T/DVB-C\r\nเครื่องรับสัญญาณอนาล็อก PAL B/G/H, I, D/K: SECAM B/G, D/K\r\nHDMI¹¹ 3 (ด้านข้าง)\r\nHDMI (4K 60/50p พร้อมกับ HDCP2.2) 3\r\nฟีเจอร์ที่รองรับ HDMI 2.0 : 3\r\nUSB 2 (2 ด้าน; USB 2.0 x 2)\r\nอีเทอร์เน็ต 1\r\nComponent Video Input ใช้ร่วมกับ Composite 1 (ด้านข้าง)\r\nComposite Video Input —\r\nช่องสัญญาณเสียงดิจิทัล (ออพติคัล) 1 (ด้านข้าง)\r\nช่องสัญญาณเสียงอนาล็อก —\r\nช่องสัญญาณหูฟัง —\r\nทั่วไป อุปกรณ์เสริมที่มีให้¹² รีโมตทีวี Bluetooth\r\nขนาด (กว้าง x สูง x ลึก) (ไม่รวมฐานตั้ง) 1,675 x 957 x 85 มม.\r\nขนาด (กว้าง x สูง x ลึก) (รวมฐานตั้ง)*¹³ 1,675 x 1015 x 335 มม.\r\nน้ำหนัก (ไม่รวมฐานตั้ง) 29.1 กก.\r\nน้ำหนัก (รวมฐานตั้ง) 28.2 กก.\r\nใช้งานร่วมกับ VESA ได้ Y'),
(36, 7, 7, 'philip 43PFT4002S/67', 9900, 29, '5fa44230a16e34.39906963.jpg', 'ข้อมูลทั่วไป / Overview:\r\n4000 series Slim LED TV\r\n108 ซม. (43\"), ทีวี LED Full HD, DVB-T/T2 43PFT4002S/67\r\nพร้อม Digital Crystal Clear\r\n\r\n108 ซม. (43\")\r\nทีวี LED Full HD\r\nDVB-T/T2\r\n\r\nข้อมูลจำเพาะ / Specifications:\r\nข้อมูลทางเทคนิค\r\nภาพ/แสดงภาพ\r\nจอแสดงผล : LED Full HD\r\nความละเอียดจอ : 1920 x 1080\r\nอัตราการจัดมุมมอง : 16:9\r\nการเพิ่มประสิทธิภาพของภาพ\r\n• Digital Crystal Clear\r\n• 200 PPI\r\n\r\nเสียง\r\nกำลังขับ (RMS) : 16W\r\nการเพิ่มคุณภาพเสียง\r\n• ระบบปรับความดังเสียงอัตโนมัติ (AVL)\r\n• ระบบเสียงเบส\r\n\r\nความละเอียดของจอภาพที่ให้ได้\r\nอินพุตคอมพิวเตอร์ : สูงถึง 1920x1080 @ 60Hz\r\nอินพุตวิดีโอ\r\n• 24, 25, 30, 50, 60 Hz\r\n• สูงถึง 1920x1080p\r\n\r\nการใช้งานกับมัลติมีเดีย\r\nรูปแบบการเล่นวิดีโอ\r\n• H264/MPEG-4 AVC\r\n• MPEG-2\r\n• MPEG-4\r\nการสนับสนุนรูปแบบบทบรรยาย\r\n• .SRT\r\n• .ASS\r\nรูปแบบการเล่นเพลง\r\n• MP3\r\n• AAC\r\nรูปแบบการเล่นภาพ\r\n• JPEG\r\n• BMP\r\n• PNG\r\n\r\nกำลังไฟ\r\n• แหล่งจ่ายไฟหลัก : AC 110 - 240 V 50/60Hz\r\n• อุณหภูมิแวดล้อม : 5° C ถึง 40° C\r\n• ใช้ไฟขณะสแตนด์บาย : < 0.5 W\r\n• คุณสมบัติประหยัดพลังงาน : ตั้งเวลาปิดอัตโนมัติ\r\n• การประหยัดพลังงานในโหมดปิด (off) : < 0.5 วัตต์\r\n\r\nอุปกรณ์เสริม\r\nอุปกรณ์เสริมที่มีให้\r\n• รีโมทคอนโทรล\r\n• สายไฟ\r\n• คู่มือเริ่มต้นใช้งานอย่างย่อ\r\n• ที่วางบนโต๊ะ\r\n• แบตเตอรี่ AAA x 2\r\n• โบรชัวร์ด้านกฎหมายและความปลอดภัย\r\n• คู่มือผู้ใช้\r\n\r\nการโต้ตอบอัจฉริยะ\r\nเฟิร์มแวร์ที่สามารถอัพเกรดได้ : อัพเกรดเฟิร์มแวร์ผ่าน USB ได้\r\nการปรับรูปแบบหน้าจอ\r\n• 4:3\r\n• 16:9\r\n• ขยายภาพอัตโนมัติ\r\nโปรแกรม\r\n• Pause TV\r\n• การบันทึก USB*\r\nสัญลักษณ์แสดงความแรงของสัญญาณ : ใช่\r\n\r\nการเชื่อมต่อ\r\nจำนวนช่องเชื่อมต่อ HDMI : 3\r\nจำนวนช่อง Component (YPbPr) : 1 (อะแดปเตอร์)\r\nจำนวนช่อง USB : 2\r\nการเชื่อมต่ออื่นๆ\r\n• เสาอากาศ IEC75\r\n• Audio L/R in\r\n• ช่องสัญญาณออกของหูฟัง\r\n• PC-In VGA\r\n• เอาต์พุตระบบเสียงดิจิตอล (ออปติคัล)\r\nEasyLink (HDMI-CEC)\r\n• สแตนด์บายระบบ\r\n• เล่นด้วยปุ่มเดียว\r\n• รีโมทคอนโทรลทำงานผ่านสิ่งกีดขวางได้\r\n• การควบคุมเสียงในระบบ\r\nจำนวนการเชื่อมต่อ AV : 1\r\nคุณสมบัติ HDMI : Audio Return Channel\r\n\r\nจูนเนอร์/เครื่องรับ/เครื่องส่ง\r\nการเล่นวิดีโอ\r\n• NTSC\r\n• PAL\r\n• SECAM\r\nอะนาล็อกทีวี\r\n• NTSC\r\n• PAL\r\n• SECAM\r\nMPEG ซัพพอร์ท\r\n• MPEG2\r\n• MPEG4\r\nDigital TV : DVB-T/T2\r\n\r\nขนาด\r\n• ความลึกของกล่อง : 150 มม.\r\n• ความสูงของกล่อง : 667 มม.\r\n• ความกว้างของกล่อง : 1085 มม.\r\n• ความหนาของเครื่อง : 83 มม.\r\n• ความสูงของเครื่อง : 567 มม.\r\n• ความกว้างของเครื่อง : 969 มม.\r\n• ความลึก (พร้อมขาตั้ง) : 226 มม.\r\n• ความสูง (พร้อมขาตั้ง) : 625 มม.\r\n• ความกว้าง (พร้อมขาตั้ง) : 969 มม.\r\n• น้ำหนักผลิตภัณฑ์ : 7.3 กก.\r\n• น้ำหนักผลิตภัณฑ์ (รวมขาตั้ง) : 7.5 กก.\r\n• น้ำหนักรวมบรรจุภัณฑ์ : 9.8 กก.\r\n• ตัวยึดติดผนังสำหรับใช้งานร่วมกัน : 400 x 200 มม.\r\n\r\nรายการอื่นๆ ในกล่อง\r\n• รีโมทคอนโทรล,\r\n• สายไฟ,\r\n• คู่มือเริ่มต้นใช้งานอย่างย่อ,\r\n• ที่วางบนโต๊ะ,\r\n• แบตเตอรี่ AAA x 2,\r\n• โบรชัวร์ด้านกฎหมายและความปลอดภัย,\r\n• คู่มือผู้ใช้.'),
(37, 7, 5, 'Toshiab 43L3750VT ', 8700, 500, '5fa447b665ee28.75366884.jpg', 'ข้อมูลทั่วไป / Overview:\r\nทีวี 43L3750VT\r\nดิจิตอลแอลอีดีทีวี ขนาด 43 นิ้ว\r\nดิจิตอลทีวีซีรี่ย์ L3750 ที่ถูกออกแบบสไตล์ เลานจ์คอนเซปต์ เป็นรูปแบบดีไซน์สมัยใหม่จากโตชิบา ที่ให้ความรู้สึกผ่อนคลาย สบายๆ ภายใต้ความหรูหราที่ลงตัวแบบเรียบหรู เป็นรุ่นที่กำเนิดมาภายใต้ปรัชญา “สวยอย่างเลอค่า” ที่นำไปจัดวางในพื้นที่อาศัยได้อย่างลงตัว ทั้งในแนวตั้งและแนวนอน ซึ่งเป็นองค์ประกอบที่ช่วยให้ห้องพักผ่อนหรือห้องนั่งเล่นแลดูดีมีสไตล์มากยิ่งขึ้น\r\nนอกจากนี้ ดิจิตอลทีวีซีรี่ย์ L3750 ยังมาพร้อมด้วยเทคโนโลยีเสียง (Sound Experience) ให้คุณภาพเสียงที่ดีและกระหึ่มกังวาลอย่างแท้จริง ช่วยเปิดประสบการณ์ให้ได้สัมผัสเสียงอย่างเต็มอรรถรส อาทิ\r\n\r\nFront Power Speaker – Dynamic Direct Power Sound ดีไซน์รูปแบบลำโพงที่จัดวางไว้ด้านหน้า ช่วยให้คุณได้สัมผัสถึงพลังเสียงที่ส่งมาโดยตรง ให้ได้เสียงกระหึ่มก้องกังวาล และชัดเจนยิ่งขึ้น\r\ndts TruSound - Real Surround Sound Solution. ทีวี Pro Theatre ซีรี่ย์ รังสรรค์พลังเสียงสมบูรณ์แบบด้วย “DTS TruSound” ซึ่งช่วยวิเคราะห์เส้นเสียงและปรุง แต่งให้ได้คุณภาพเสียงที่ดีขึ้นอย่างแท้จริง\r\nDOLBY AUDIO – More supports to maximize your emotion. ทีวี Pro Theatre ซี่รี่ย์ สนับสนุนระบบ Dolby Digital Plusที่สามารถขยายระบบเสียงใหม่มากถึง 7.1 ให้คุณเพลิดเพลินกับคุณภาพเสียงที่สมบูรณ์เต็มประสิทธิภาพ\r\n\r\nข้อมูลจำเพาะ / Specifications:\r\n• ชื่อรุ่น : 43L3750VT\r\n• ประเภท : Digital LED TV\r\n• ประเภท Blacklight : Direct LED\r\n• ขนาดหน้าจอ (นิ้ว) : 43\r\n• ความละเอียดของภาพ : 1920x1080\r\n• ระบบรับสัญญาน : DVB-T2/T/C & Analog\r\n• ชิปประมวลผลภาพ : CEVO Engine\r\n• การประมวลผลวิดีโอ : 10 bit\r\n• Active Motion & Resolution (AMR) : AMR+ 200\r\n• Bright On Algorithm : มี\r\n• Contrast Booster : มี\r\n• Active Black Light Control : มี\r\n• รองรับโหมดภาพหลายประเภท : Dynamic / Standard / Football Cinema / Game / User\r\n• Football Mode : มี\r\n• Auto View : มี\r\n• โหมดปรับเสียง : มาตรฐาน/ดนตรี/ภาพยนต์/กีฬา\r\n• เทคโนโลยีเสียง : Dolby Digital Plus\r\n• กำลังขับลำโพง : 20 W\r\n• Personal Video Recording (PVR) : มี\r\n• Continuous Viewing Timer : มี\r\n• รองรับไฟล์มีเดีย : มี\r\n• MHL (Mobile High-Definition Link) : มี\r\n• ช่องรับสัญญานโทรทัศน์ (Antenna) : 1\r\n• Composite : 1\r\n• LAN : ไม่มี\r\n• Audio Output : 1\r\n• Headphone : 1(ใช้ช่องเดียวกับ Line Out)\r\n• PC Input : ไม่มี\r\n• HDMI : 2\r\n• USB : 2\r\n• แรงดันไฟฟ้า (โวลต์) : 100-240V AC 50/80 Hz\r\n• กำลังไฟ (วัตต์) : 74W\r\n• 5-Star Protections (Lighting, Structure, Climate, Stability and Voltage) : ไม่มี\r\n• ขนาด (ก x ส x ล) มม. (ไม่รวมขาตั้ง) : 974.5x85.8x605.8\r\n• น้ำหนัก (กก.) *ไม่รวมขาตั้ง : 8.7\r\n• ขนาด (ก x ส x ล) มม.(รวมขาตั้ง) : 974.5x211.9x641.9\r\n• น้ำหนักรวมขาตั้ง (กก.) : 8.8\r\n• การรับประกัน : 1 ปี'),
(38, 1, 8, ' Mitsubishi MR-V46EP-ST', 12000, 4, '5fa44877b624e5.46344644.jpg', 'ข้อมูลทั่วไป / Overview:\r\n3 ประตู M Class INVERTER\r\nMR-V46EP\r\nตู้เย็นมิตซูบิชิซิ อีเล็คทริค ที่มีรูปลักษณ์โดดเด่นเป็นเอกลักษณ์เฉพาะตัว พร้อมฟังก์ชั่นการทำงานต่างๆ อีกมากมาย ที่จะช่วยตอบโจทย์ในชีวิตของคุณให้ง่ายขึ้น ผสานทุกเทคโนโลยีที่ดีที่สุด เพื่อรักษาความสดและคงคุณค่าของอาหารให้ยาวนานมากขึ้น เพื่อสุขภาพที่ดี ถูกสุขลักษณะ พร้อมเทคโนโลยีที่ประหยัดพลังงานเป็นเลิศ เพื่อความสุขที่มากกว่าของทุกคนในครอบครัว\r\nสี : สีสแตนเลสสตีล\r\n- Neuro Inverter ระบบปฏิบัติการของตู้เย็น ที่มีชิพอัจฉริยะคอยควบคุมการทำงาน เรียนรู้และจดจำ\r\nพฤติกรรมผู้บริโภคเพื่อประสิทธิภาพสูงสุดในการใช้งาน\r\n- Multi Fan พัดลมคู่ ตัวใน (Inner Fan) กระจายความเย็นภายในตู้และ (Outer Fan) เป่าระบายความร้อนให้กับคอมเพรสเซอร์ ช่วยยืดอายุการใช้งาน\r\n- Compressor Inverter มาพร้อมระดับการทำงานสูงสุดถึง 10 ระดับ ช่วยให้ประหยัดพลังงานยิ่งขึ้น\r\n- ระบบกระจายความเย็น Multi Air-Flow , Surround Cooling System\r\n- DC Fan Motor พัดลมกระจายความเย็น ทำงานเงียบและประหยัดพลังงาน\r\n- ANTI-BACTERIA FOOD LINER ผนังช่องแช่ผสมสารยับยั้งแบคทีเรีย\r\n- ANTI-BACTERIA DOOR GASKET ขอบยางประตูตู้เย็นผสมสารยับยั้งเชื้อรา\r\n- ฟิลเตอร์ แผ่นกรองกำจัดกลิ่นไม่พึงประสงค์ แบบอัตโนมัติ\r\n- Vitamin Factory แสงสีส้มในช่องแช่ผัก ช่วยถนอมผักใบเขียวของคุณให้คงความสดใหม่นานยิ่งขึ้น\r\n- ชั้นวางแบบกระจกนิรภัยในช่องแช่เย็น Tempered Glass Shelves รับน้ำหนักได้ถึง 100 Kg.\r\n- MINUS - ION ช่วยรักษาคุณค่าและความสดของอาหารได้ยาวนาน\r\n- ไฟ LED Lighting ส่องสว่างทุกช่องชั้น อายุการใช้งานยาวนาน ความร้อนต่ำ\r\n- ช่องทำน้ำแข็งแบบบิดพร้อมกล่องเก็บ Triple Ice Twister\r\n- Door Alarm สัญญาณแจ้งเตือนเมื่อปิดประตูไม่สนิทเกิน 1 นาที ป้องกันการสูญเสียความเย็น\r\n- สีเคลือบพิเศษ Uni Glossy เงางามดุจกระจก แต่มีน้ำหนักเบา สามารถติดแม่เหล็กได้\r\n- มาตรฐานความปลอดภัยเหนือระดับ ใช้ชิ้นส่วนที่ไม่ลุกลามไฟ และอุปกรณ์เพิ่มความปลอดภัย\r\n- RoHS จำกัดการใช้สารต้องห้าม 6 ชนิด ที่เป็นอันตรายต่อสิ่งแวดล้อม ตามข้อกำหนดของสหภาพยุโรป\r\n- ผลิตจากโรงงานที่ได้มาตรฐาน ISO9001 และ ISO14001\r\n- รับประกันอะไหล่ภายในเครื่อง 2 ปี รับประกันคอมเพรสเซอร์ 10 ปี\r\n- ได้รับฉลากประหยัดไฟสูงสุด เบอร์ 5\r\n- มาตราฐาน มอก. 2186-2547\r\n\r\nข้อมูลจำเพาะ / Specifications:\r\nชื่อรุ่นMR-V46EP\r\nชนิดประตู3 Doors\r\nความจุรวม (ลิตร/คิว)414 / 14.6\r\nช่องแช่แข็ง107\r\nช่องแช่เย็น (ลิตร)192\r\nช่องแช่ผัก (ลิตร)115\r\nน้ำหนัก (กก.)72\r\nกำลังไฟฟ้า (วัตต์)110\r\nNeuro InverterInverter\r\nขนาด (กว้าง x สูง x ลึก) (มม.)686 x 1801 x 706\r\nระบบทำความเย็นSurround Cooling\r\nผนังช่องแช่เย็นยับยั้งเชื้อแบคทีเรีย\r\nขอบยางประตูตู้ยับยั้งเชื้อรา\r\nช่องแช่ผักผลไม้อานุภาพแสงสีส้ม\r\nกระจกนิรภัย\r\nระบบกำจัดกลิ่น\r\nแจ้งเตือนประตู\r\nประจุลบ\r\nแสงสว่างLED Light'),
(39, 1, 8, 'Mitsubishi MR-FV22P', 6000, 51, '5fa449af33d3c3.77460460.jpg', 'ข้อมูลทั่วไป / Overview:\r\n2 ประตู FLAT DESIGN\r\nMR-FV22P\r\nดีไซน์ใหม่ \"FLAT DESIGN\" ความสวยงามที่ลงตัวและฟังก์ชั่นที่ครบครัน รวมอยู่ในตู้เย็นของ MITSUBISHI ELECTRIC\r\nฝาตู้ดีไซน์ 2 ชั้น พร้อม \"ทริม\" แถบโครเมี่ยมเงางาม เพิ่มมิติสวยหรู ในทุกมุมมอง สีเคลือบพิเศษ PCM เพิ่มความเงางาม\r\nสี : เรดไดมอนด์, ชมพูทอง, ซิลเวอร์, น้ำตาลคอปเปอร์\r\n- NEURO FUZZY SYSTEM ระบบทำงานด้วยไมดครชิพอัจฉริยะ\r\n- LED LIGHT ไฟส่องสว่างแบบแอลอีดี มองเห็นของแช่ได้ชัดเจน\r\n- TEMPERED GLASS ชั้นวางที่สามารถรับน้ำหนักได้มากถึง 100 Kg\r\n- ANTI-BACTERIA FOOD LINER ผนังช่องแช่ผสมสารป้องกันการเติบโตของแบคทีเรีย\r\n- ANTI-BACTERIA DOOR GASKET ขอบยางประตูตู้เย็นผสมสารยับยั้งเชื้อรา\r\n- MINUS - ION แผ่นแร่ธรรมชาติปล่อยประจุลบ เพื่ออากาศที่สะอาดสดชื่น\r\n- FAN COOLING ระบบกระจายความเย็นพิเศษ\r\n- FILTER ระบบกำจัดกลิ่นอัตโนมัติ\r\n- DC FAN MOTOR มอเตอร์พัดลมแบบ DC Fan Motor ประหยัดพลังงานและทำงานเงียบ\r\n- PCM สีเคลือบพิเศษเพิ่มความเงางาม\r\n- มาตรฐาน มอก.2214-2548 และมอก.2186-2547\r\n- ได้รับฉลากประหยัดไฟสูงสุด เบอร์ 5\r\n- มาตรฐานความปลอดภัยเหนือระดับ ใช้ชิ้นส่วนที่ไม่ลุกลามไฟ และอุปกรณ์เพิ่มความปลอดภัย\r\n- RoHS จำกัดการใช้สารต้องห้าม 6 ชนิด ที่เป็นอันตรายต่อสิ่งแวดล้อม ตามข้อกำหนดของสหภาพยุโรป\r\n- ผลิตจากโรงงานที่ได้มาตรฐาน ISO9001 และ ISO14001\r\n- รับประกันอะไหล่ภายในเครื่อง 2 ปี รับประกันคอมเพรสเซอร์ 10 ปี\r\n\r\nข้อมูลจำเพาะ / Specifications:\r\nชื่อรุ่นMR-FV22P\r\nชนิดประตู2 Doors\r\nความจุรวม (ลิตร/คิว)204 / 7.2\r\nช่องแช่แข็ง59\r\nช่องแช่เย็น (ลิตร)145\r\nช่องแช่ผัก (ลิตร)5.4\r\nน้ำหนัก (กก.)42\r\nกำลังไฟฟ้า (วัตต์)62\r\nNeuro InverterNon-inverter\r\nขนาด (กว้าง x สูง x ลึก) (มม.)555 x 1378 x 645\r\nระบบทำความเย็นFan cooling\r\nผนังช่องแช่เย็นยับยั้งเชื้อแบคทีเรีย\r\nขอบยางประตูตู้ยับยั้งเชื้อรา\r\nช่องแช่ผักผลไม้อานุภาพแสงสีส้ม\r\nกระจกนิรภัย\r\nระบบกำจัดกลิ่น\r\nแจ้งเตือนประตู\r\nประจุลบ\r\nแสงสว่างLED Light'),
(40, 1, 4, 'Sharp SJ-X330TC-SL', 11530, 0, '5fa44a5d74b955.74556893.jpg', '5fa44a5d751a16.22013832.txtข้อมูลทั่วไป / Overview:\r\n• ประตู/ขนาด : 2ประตู/11.6คิว/328ลิตร\r\n• ระบบทำความเย็น : INVERTER/NO-FROST\r\n• ระบบกระจายความเย็น : MULTI-AIR FLOWอากาศภายในตู้ไหลเวียนเย็นสม่ำเสมอ\r\n• ระบบกำจัดกลิ่น : AG+ NANO DEODORIZERทำให้อาหารสดและปราศจากกลิ่นรบกวน\r\n• ขนาดเครื่อง (ซม) : 61.0×176.7×67.2\r\n• รับประกันCompressor(ปี) : 10\r\n• รับประกันตัวเครื่อง(ปี) : 1\r\n• ปริมาณความจุช่องแช่แข็ง(ลิตร) : 80\r\n• ปริมาณความจุช่องแช่เย็น(ลิตร) : 248\r\n• ชนิดของชั้นวาง : กระจกนิรภัย(TEMPERED GLASS SHELF)\r\n• ระบบทำน้ำแข็งอัตโนมัติ : มี\r\n• ระบบละลายน้ำแข็ง : มี\r\n• เทคโนโลยี : J-TECH INVERTER ประหยัดไฟฟ้าและไร้\r\n\r\nข้อมูลจำเพาะ / Specifications:\r\n• ประตู/ขนาด : 2ประตู/11.6คิว/328ลิตร\r\n• ระบบทำความเย็น : INVERTER/NO-FROST\r\n• ระบบกระจายความเย็น : MULTI-AIR FLOWอากาศภายในตู้ไหลเวียนเย็นสม่ำเสมอ\r\n• ระบบกำจัดกลิ่น : AG+ NANO DEODORIZERทำให้อาหารสดและปราศจากกลิ่นรบกวน\r\n• ขนาดเครื่อง (ซม) : 61.0×176.7×67.2\r\n• รับประกันCompressor(ปี) : 10\r\n• รับประกันตัวเครื่อง(ปี) : 1\r\n• ปริมาณความจุช่องแช่แข็ง(ลิตร) : 80\r\n• ปริมาณความจุช่องแช่เย็น(ลิตร) : 248\r\n• ชนิดของชั้นวาง : กระจกนิรภัย(TEMPERED GLASS SHELF)\r\n• ระบบทำน้ำแข็งอัตโนมัติ : มี\r\n• ระบบละลายน้ำแข็ง : มี\r\n• เทคโนโลยี : J-TECH INVERTER ประหยัดไฟฟ้า'),
(41, 1, 4, 'Sharp SJ-FX79T', 36990, 58, '5fa44b0e43e184.31546803.jpg', 'ข้อมูลทั่วไป / Overview:\r\nขนาด 22.3 Q\r\nช่องแช่แข็ง 224 ลิตร\r\nช่องแช่เย็น 406 ลิตร\r\n● ดีไซน์ใหม่ สวยหรู สะท้อนรสนิยมอย่างมีระดับ พร้อมตอบสนองการใช้งานอย่างคุ้มค่า\r\n● เทคโนโลยีระบบอินเวอร์เตอร์ (J-Tech Inverter) ทำให้คอมเพรสเซอร์ทำงานสม่ำเสมอ เครื่องเดินเรียบ\r\nจึงช่วยประหยัดพลังงานไฟฟ้า และ ไร้เสียงดังรบกวน\r\n● ระบบฟอกอากาศ แบบ Ag+ Nano Deodorizerระบบฟอกอากาศ ช่วยกำจัดแบคทีเรียและกลิ่นอาหารภายในตู้ เหนือกว่าระบบกำจัดกลิ่นแบบธรรมดา ด้วยประสิทธิภาพในการกำจัด\r\nแบคทีเรียที่ปะปนอยู่ภายในตู้ ทำให้อาหารคงความสดนานวันกว่า\r\n● ระบบกระจายความเย็นแบบไฮบริด (Hybrid Cooling Systemระบบกระจายความเย็น แบบไฮบริด ช่วยควบคุบอุณภูมิและความชื้นให้คงที่ทั่วทุกจุดของช่องแช่เย็น อาหารจึงสดใหม่ และคงคุณค่าได้นานวันกว่า) ช่วยทำให้อาหารสดใหม่ และคงคุณค่าได้นานวันกว่า\r\n● ล้ำหน้าด้วย 2 โปรแกรมพิเศษ\r\n• Extra Cool ปุ่มเร่งความเย็นให้ช่องแช่อาหารสด (Fresh Room) อุณหภูมิลดต่ำได้ถึง 0 - 2๐\r\n• Express Freezing ปุ่มเร่งแช่แข็งด่วน สำหรับเร่งแช่อาหารได้ในเวลา 2 ชั่วโมง\r\n● Touch Control Panel ปุ่มฟังก์ชั่นการใช้งาน ติดตั้งอยู่ที่ด้ามจับประตูด้านบน เพื่อความสะดวกสบายในการใช้งาน\r\n● ระบบสัญญาณเตือนเมื่อเปิดประตูตู้เย็นทิ้งไว้ (Door Alarm)\r\n● ช่องแช่เย็นออกแบบให้มีขนาดใหญ่ ไม่มีผนังกั้นกลาง สามารถแช่อาหารชิ้นใหญ่ได้สะดวก เช่น ไก่งวง , เค้กขนาดใหญ่\r\n● ไฟส่องสว่างภายในแบบหลอด LED ช่วยประหยัดไฟ และให้ความสว่างมากกว่าหลอดธรรมดาทั่วไป\r\n● ได้รับฉลากประหยัดไฟเบอร์ 5 จากกฟผ.\r\n● รับประกันคอมเพรสเซอร์ 10 ปี\r\n\r\nข้อมูลจำเพาะ / Specifications:\r\nขนาด 22.3 Q\r\nช่องแช่แข็ง 224 ลิตร\r\nช่องแช่เย็น 406 ลิตร\r\n● ดีไซน์ใหม่ สวยหรู สะท้อนรสนิยมอย่างมีระดับ พร้อมตอบสนองการใช้งานอย่างคุ้มค่า\r\n● เทคโนโลยีระบบอินเวอร์เตอร์ (J-Tech Inverter) ทำให้คอมเพรสเซอร์ทำงานสม่ำเสมอ เครื่องเดินเรียบ\r\nจึงช่วยประหยัดพลังงานไฟฟ้า และ ไร้เสียงดังรบกวน\r\n● ระบบฟอกอากาศ แบบ Ag+ Nano Deodorizerระบบฟอกอากาศ ช่วยกำจัดแบคทีเรียและกลิ่นอาหารภายในตู้ เหนือกว่าระบบกำจัดกลิ่นแบบธรรมดา ด้วยประสิทธิภาพในการกำจัด\r\nแบคทีเรียที่ปะปนอยู่ภายในตู้ ทำให้อาหารคงความสดนานวันกว่า\r\n● ระบบกระจายความเย็นแบบไฮบริด (Hybrid Cooling Systemระบบกระจายความเย็น แบบไฮบริด ช่วยควบคุบอุณภูมิและความชื้นให้คงที่ทั่วทุกจุดของช่องแช่เย็น อาหารจึงสดใหม่ และคงคุณค่าได้นานวันกว่า) ช่วยทำให้อาหารสดใหม่ และคงคุณค่าได้นานวันกว่า\r\n● ล้ำหน้าด้วย 2 โปรแกรมพิเศษ\r\n• Extra Cool ปุ่มเร่งความเย็นให้ช่องแช่อาหารสด (Fresh Room) อุณหภูมิลดต่ำได้ถึง 0 - 2๐\r\n• Express Freezing ปุ่มเร่งแช่แข็งด่วน สำหรับเร่งแช่อาหารได้ในเวลา 2 ชั่วโมง\r\n● Touch Control Panel ปุ่มฟังก์ชั่นการใช้งาน ติดตั้งอยู่ที่ด้ามจับประตูด้านบน เพื่อความสะดวกสบายในการใช้งาน\r\n● ระบบสัญญาณเตือนเมื่อเปิดประตูตู้เย็นทิ้งไว้ (Door Alarm)\r\n● ช่องแช่เย็นออกแบบให้มีขนาดใหญ่ ไม่มีผนังกั้นกลาง สามารถแช่อาหารชิ้นใหญ่ได้สะดวก เช่น ไก่งวง , เค้กขนาดใหญ่\r\n● ไฟส่องสว่างภายในแบบหลอด LED ช่วยประหยัดไฟ และให้ความสว่างมากกว่าหลอดธรรมดาทั่วไป\r\n● ได้รับฉลากประหยัดไฟเบอร์ 5 จากกฟผ.\r\n● รับประกันคอมเพรสเซอร์ 10 ปี\r\n'),
(42, 6, 5, 'Toshiba MW2-AG24PC(BK)', 3100, 97, '5fa44c11d2ec29.58988105.jpg', 'ข้อมูลทั่วไป / Overview:\r\nเตาอบไมโครเวฟ MW2-AG24PC(BK)\r\nเพิ่มรสชาติด้วยเมนูย่าง\r\nเติมเต็มรสชาติ ด้วยการผสานระบบย่าง / ไมโครเวฟ ให้อาหารมีสีสันน่าทาน\r\nปรุงอาหารอัตโนมัติ มากถึง 8 เมนู\r\nจานหมุนอัฉริยะ จดจำตำแหน่งการหมุนได้ ทำให้หยิบภาชนะออกมาได้ง่าย\r\nประหยัดเวลา ละลายอาหารแช่แข็งได้ โดยไม่ทำลายรสชาติของอาหาร\r\n\r\nมาตรฐานญี่ปุ่น\r\n\r\nข้อมูลจำเพาะ / Specifications:\r\nความจุ (ลิตร)24 ลิตร\r\nแรงดันไฟฟ้าที่ใช้800\r\nฟังก์ชันหลัก-\r\nโปรแกรมเมนูอัตโนมัติ-\r\nโปรแกรมผสมผสานการทำงาน (ไมโครเวฟ+ย่าง)-\r\nโปรแกรมอุ่นอาหารเร่งด่วน-\r\nโปรแกรมจดจำการทำงาน-\r\nโปรแกรมป้องกันเด็ก-\r\nการตั้งเวลาปรุงอาหารสูงสุด (นาที:วินาที)-\r\nขนาดตัวเครื่อง (กว้างx ลึกx สูง) (มม.)485x410x293\r\nน้ำหนัก (กก.)-\r\nอัตราการกินไฟไมโครเวฟ/ตัวทำความร้อน (วัตต์)-\r\nกำลังไฟฟ้าของตัวทำความร้อนสำหรับอบ (วัตต์)-\r\nกำลังไฟฟ้าของตัวทำความร้อนสำหรับการย่าง (วัตต์)-\r\nกำลังไฟฟ้าของตัวทำความร้อนสำหรับไอน้ำ (วัตต์)-\r\nระดับกำลังไฟไมโครเวฟ (วัตต์)-\r\nระบบตั้งอุณหภูมิไมโครเวฟ-\r\nระบบการกระจายคลื่น-\r\nระบบการอบลมร้อน(Convection)-\r\nระบบการอบไอน้ำความร้อนสูง(Super Heating Steam)-\r\nระบบ Hybrid Convection-\r\nสั่งงานด้วยระบบสัมผัส-\r\nตรวจจับอุณหภูมิด้วยอินฟราเรด-\r\nห้องอบทรงโดม-\r\nระบบนำทางการใช้งาน-\r\nโปรแกรมทำความสะอาดอัตโนมัติ-\r\nโปรแกรมกำจัดกลิ่น-\r\nระบบละลายอาหารแช่แข็ง-\r\nห้องอบเคลือบป้องกันกลิ่น-\r\nระดับชั้นวาง-\r\nถาดวางอาหาร-\r\nตะแกรงสำหรับย่าง-\r\nคู่มือการทำอาหาร-\r\nตัดการทำงานเมื่อเปิดบานประตู-\r\nปิดเครื่องอัตโนมัติเมื่อไม่ได้ใช้งาน-\r\nเสียงเตือนเมื่อทำงานเสร็จ-\r\nเสียงเตือนถ้าไม่นำอาหารออกจากเครื่อง-\r\nเทอร์โมฟิวส์-\r\nการรับประกันรับประกันสินค้า 1 ปี\r\nรับประกันแมกนิตรอน 5 ปี'),
(43, 1, 5, ' Toshiba GR-B22KPSS', 5600, 8, '5fa44c46e2c134.62475046.jpg', 'ข้อมูลทั่วไป / Overview:\r\nเย็น GR-B22KPSS\r\nระบบกำจัดกลิ่น Ag+ Bio\r\nน้ำยาทำความเย็น R600a เป็นมิตรต่อสิ่งแวดล้อม\r\nระบบกำจัดกลิ่น Ag+ Bio\r\nช่องแช่แข็งขนาดใหญ่\r\n\r\nช่องแช่แข็งขนาดใหญ่\r\nช่องแช่แข็งขนาด 61 ลิตร ใหญ่จุใจ แช่ของได้จำนวนมาก พร้อมชั้นวางปรับระดับได้\r\n\r\nAg BIO Deoforizer\r\nสามารถกรองและสลายกลิ่นที่เกิดจากซัลเฟอร์ ไนโตรเจนจากอาหาร ทำให้อากาศภายในตู้เย็นสดชื่นขึ้น นอกจากนี้สารโลหะเงิน (Ag) ยังช่วยย่อยสลายโมเลกุลของกลิ่นที่ไม่พึงประสงค์ และยับยั้งการเจริญเติบโตของแบคทีเรีย ทำให้อาหารสดนานยิ่งขึ้น\r\n\r\nAg Bio System\r\nAg Bio System ประกอบด้วยตัวเร่งปฏิกิริยาทางชีวิภาพที่ช่วยขจัดกลิ่นอาหารจากกลุ่มซัลเฟอร์ เช่น อาหารทะเล ผักที่มีกลิ่นฉุน และไนโตรเจน เช่น ปลา เนื้อสัตว์\r\n\r\nช่องแช่เย็น\r\nช่องแข่เย็น ขนาดใหญ่ถึง 12 ลิตร สามารถเก็บความสดของปลาและเนื้อสัตว์ในอุณหภูมิต่ำได้\r\n\r\nชั้นวางกระจกนิรภัย\r\nชั้นวางกระจกนิรภัย แข็งแรง ทนทานรับน้ำหนักได้สูงสุด 100 กิโลกรัม สามารถปรับความสูงได้ 3 ระดับ เพิ่มความยืดหยุ่นในการใช้งานและเพิ่มประสิทธิภาพในการใช้ชั้นวางได้มากขึ้น\r\n\r\nช่องเก็บผักและผลไม้ขนาดใหญ่เพื่อความสดใหม่\r\nช่องเก็บผักและผลไม้ขนาดใหญ่เพื่อความสดใหม่ เพิ่มพื้นที่การจัดเก็บผักและผลไม้ได้มากถึง 13 ลิตร ใช้งานง่าย ด้วยการออกแบบมาเป็นพิเศษ เลื่อนเข้าออกได้สะดวก\r\n\r\nข้อมูลจำเพาะ / Specifications:\r\nคิว6.4\r\nปริมาณความจุรวม (ลิตร)180\r\nปริมาณความจุ ช่องแช่แข็ง (ลิตร)61\r\nปริมาณความจุ ช่องแช่เย็น (ลิตร)119\r\nปริมาณความจุ ช่องแช่ผัก (ลิตร)-\r\nชนิดประตูSteel Door\r\nขนาดตู้ (กว้างxลึกxสูง) (มม.)545x623x1285\r\nน้ำหนัก (กก.)37\r\nสีเงิน\r\nแรงดันไฟฟ้า / ความถี่220-240V, 50/60Hz\r\nกำลังไฟฟ้า (วัตต์)-\r\nระบบควบคุมการทำงาน-\r\nระบบทำความเย็นพัดลมส่งลมเย็น , No Frost\r\nระบบควบคุมความเย็น-\r\nระบบการกระจายความเย็น-\r\nชนิดของมอเตอร์พัดลม-\r\nระบบกำจัดกลิ่นAg+ Bio\r\nระบบกำจัดแบคทีเรียในช่องแช่เนื้อ-\r\nระบบละลายน้ำแข็งYes\r\nโปรแกรมประหยัดพลังงานYes\r\nโปรแกรมเร่งทำความเย็น-\r\nระบบควบคุมความเย็นที่บานประตู-\r\nหลอดไฟส่องสว่างภายในYes\r\nฉลากประหยัดไฟ-\r\nน้ำยาทำความเย็นR600a\r\nชนิดขาตู้เย็น-\r\nถาดทำน้ำแข็ง-\r\nระบบทำน้ำแข็งอัตโนมัติ-\r\nถาดทำน้ำแข็งแบบบิด-\r\nกล่องใส่น้ำแข็ง-\r\nชุดกำจัดกลิ่น-\r\nหลอดไฟส่องสว่าง-\r\nช่องแช่เย็นจัดแบบเลื่อน-\r\nชั้นวางแบบกระจกYes\r\nชั้นวางแบบพลาสติก-\r\nชั้นวางแบบตะแกรง-\r\nชั้นปิดช่องแช่ผักYes\r\nถาดวางไข่-\r\nชั้นวางไข่-\r\nชั้นวางของพับได้-\r\nชั้นสารพัดประโยชน์-\r\nชั้นวางขวดYes\r\nระบบส่งความเย็นใต้ช่องแช่แข็ง-\r\nการปรับระดับชั้นวาง-\r\nชั้นวางของบนช่องแช่ผักYes\r\n\r\nกล่องอเนกประสงค์มีฝาปิด-\r\nระบบควบคุมความชื้น-\r\nเคลือบสารเงินยับยั้งแบคทีเรีย-\r\nล้อเลื่อน-\r\nการรับประกันรับประกันสินค้า 1 ปี\r\nรับประกันคอมเพรสเซอร์ 10 ปี'),
(44, 6, 4, 'SHARP R-220 ', 1990, 101, '5fa44c67426803.16003147.jpg', 'ข้อมูลทั่วไป / Overview:\r\nไมโครเวฟจาก SHARP คุณสมบัติขั้นพื้นฐานที่ครบถ้วน พื้นผิวสีขาวตัดกับเส้นสายสีชมพูสวยหวานสะอาดตา ในราคาที่ทุกคนเอื้อมถึง\r\n\r\nเตาไมโครเวฟ ขนาดความจุ 22 ลิตร\r\nควบคุมการทำงานด้วยระบบ Jog Dial (Analogue)\r\nระบบจานหมุนสัมพันธ์ ช่วยให้อาหารสุกทั่วถึง\r\nตั้งเวลาในการปรุงอาหารได้นานถึง 30 นาที\r\nเลือกระดับความร้อนได้ 5 ระดับ\r\nทำงานด้วยระบบไมโครเวฟ (Microwave) ปรุงอาหารได้ทั้งต้ม ผัด แกง นึ่ง หุง ทอด และอุ่น\r\nใช้งานง่าย สะดวก รวดเร็ว และรูปทรงสวยงาม\r\nจานหมุนมีขนาดเส้นผ่าศูนย์กลาง 272 มิลลิเมตร\r\nสีขาว\r\n\r\nข้อมูลจำเพาะ / Specifications:\r\nไมโครเวฟจาก SHARP คุณสมบัติขั้นพื้นฐานที่ครบถ้วน พื้นผิวสีขาวตัดกับเส้นสายสีชมพูสวยหวานสะอาดตา ในราคาที่ทุกคนเอื้อมถึง\r\n\r\nเตาไมโครเวฟ ขนาดความจุ 22 ลิตร\r\nควบคุมการทำงานด้วยระบบ Jog Dial (Analogue)\r\nระบบจานหมุนสัมพันธ์ ช่วยให้อาหารสุกทั่วถึง\r\nตั้งเวลาในการปรุงอาหารได้นานถึง 30 นาที\r\nเลือกระดับความร้อนได้ 5 ระดับ\r\nทำงานด้วยระบบไมโครเวฟ (Microwave) ปรุงอาหารได้ทั้งต้ม ผัด แกง นึ่ง หุง ทอด และอุ่น\r\nใช้งานง่าย สะดวก รวดเร็ว และรูปทรงสวยงาม\r\nจานหมุนมีขนาดเส้นผ่าศูนย์กลาง 272 มิลลิเมตร\r\nสีขาว'),
(45, 6, 4, 'SHARP R-29D1', 3390, 122, '5fa44cc093ba06.02015851.jpg', 'ข้อมูลทั่วไป / Overview:\r\nดีไซน์ล้ำสมัย สำหรับไลฟ์สไตล์ยุคใหม่ ในรูปแบบ Japanese Style ที่คำนึงถึงความสะดวกในการใช้งาน โดยออกแบบให้แผงควบคุมอยู่ด้านบน ในระดับพอดีกับองศาการใช้งาน\r\n- สีสันสวยงาม มีให้เลือกถึง 3 สี ได้แก่ แดง , ทอง , เงิน\r\n- ใช้งานง่าย และแม่นยำ ด้วยระบบปุ่มสัมผัส (Touch Control)\r\n- สะดวกรวดเร็วด้วยโปรแกรมอัจฉริยะ (One Touch) เพียงปลายนิ้วสัมผัสเดียว\r\n- ระบบจานหมุนสัมพันธ์ ช่วยให้อาหารสุกทั่วถึงทุกส่วน\r\n- สามารถเลือกระดับความร้อนได้ 4 ระดับ\r\n- ทำงานด้วยระบบไมโครเวฟและเซนเซอร์\r\n\r\nข้อมูลจำเพาะ / Specifications:\r\nความจุ (ลิตร) : 22\r\n- กำลังไฟออก (วัตต์) : 800\r\n- น้ำหนักตัวเครื่อง (กก.) : 12\r\n- ขนาดภาย (มม.) (ก x ส x ล) : 460x275x368\r\n- ระดับความร้อน (ระดับ) : 4\r\n- รับประกัน : 1ปี'),
(46, 6, 6, 'Pana NN-GD692S', 3000, 0, '5fa44d203fd1a2.46897449.jpg', 'ข้อมูลทั่วไป / Overview:\r\nSpecification ปริมาตรเตาอบ 31 L\r\nสี Stainless Steel\r\nภายในเตาอบ Painted (Gray)\r\nInverter มี\r\nการควบคุม Dial & Button\r\nFlat & Wide -\r\nจานหมุนขนาด 340 mm\r\nExterior Dimemsions (W×H×D) 529×340×475 mm\r\nInterior Dimensions (W×H×D) 338×204×336 mm\r\nCooking Function Micro Power มี\r\nGrill มี\r\nDouble Grill -\r\nSimultaneous Combination มี\r\nOven Baking / Roasting -\r\nSteam & Micro Power -\r\nSteam Shot -\r\nFeature Auto Reheat Sensor Reheat\r\nAuto Defrost Inverter Turbo Defrost\r\nSensor Menu มี (7 menu)\r\nAuto Menu มี (8 menu)\r\nInverter Melt & Soften Menu มี (4 menu)\r\nRecipe Store มี\r\nMore / Less มี\r\nChild Safety Lock มี\r\nOperating Guide -\r\nStandard Accessories Double Grill Tray -\r\nMetal Tray -\r\nGlass Tray -\r\nGlass Turntable มี\r\nCooking Power Microwave 1000 W\r\nHeater 1100 W\r\nPower Consumption Microwave 1050 W\r\nHeater 1160 W\r\nCombination 1950 W\r\n\r\nข้อมูลจำเพาะ / Specifications:\r\nSpecification ปริมาตรเตาอบ 31 L\r\nสี Stainless Steel\r\nภายในเตาอบ Painted (Gray)\r\nInverter มี\r\nการควบคุม Dial & Button\r\nFlat & Wide -\r\nจานหมุนขนาด 340 mm\r\nExterior Dimemsions (W×H×D) 529×340×475 mm\r\nInterior Dimensions (W×H×D) 338×204×336 mm\r\nCooking Function Micro Power มี\r\nGrill มี\r\nDouble Grill -\r\nSimultaneous Combination มี\r\nOven Baking / Roasting -\r\nSteam & Micro Power -\r\nSteam Shot -\r\nFeature Auto Reheat Sensor Reheat\r\nAuto Defrost Inverter Turbo Defrost\r\nSensor Menu มี (7 menu)\r\nAuto Menu มี (8 menu)\r\nInverter Melt & Soften Menu มี (4 menu)\r\nRecipe Store มี\r\nMore / Less มี\r\nChild Safety Lock มี\r\nOperating Guide -\r\nStandard Accessories Double Grill Tray -\r\nMetal Tray -\r\nGlass Tray -\r\nGlass Turntable มี\r\nCooking Power Microwave 1000 W\r\nHeater 1100 W\r\nPower Consumption Microwave 1050 W\r\nHeater 1160 W\r\nCombination 1950 W'),
(47, 1, 6, 'PANASONIC NR-CY550AKTH ', 60000, 80, '5fa44d29947b82.33438767.jpg', 'ข้อมูลทั่วไป / Overview:\r\nรายละเอียดสินค้า\r\n\r\nขนาด(คิว):17.5\r\n\r\nปริมาณความจุ(ลิตร):494\r\n\r\nระบบทำความเย็น:Indirect Cooling\r\n\r\nระบบกระจายความเย็น:Surround Cooling\r\n\r\nระบบละลายน้ำแข็ง:NO FROST\r\n\r\nระบบกำจัดกลิ่น:Ag Clean\r\n\r\nขนาด: 171.40 x 77.00 x 74.30\r\n\r\nปริมาณความจุช่องแช่แข็ง(ลิตร):134\r\n\r\nปริมาณความจุช่องแช่เย็น(ลิตร):360\r\n\r\nปริมาณความจุช่องแช่ผัก(ลิตร):46.5\r\n\r\nแผงควบคุมอุณหภูมิ:YES\r\n\r\nระบบทำน้ำแข็งอัตโนมัติ:NO\r\n\r\nชนิดของชั้นวาง:กระจกนิรภัยรับน้ำหนักได้ 100 KG\r\n\r\nน้ำหนัก(กิโลกรัม):82\r\n\r\nสี:Gradient Blue\r\n\r\nรับประกันCOMPRESSOR(ปี):12\r\n\r\nรับประกันตัวเครื่อง(ปี):1\r\n\r\nประหยัดไฟเบอร์ 5:มี\r\n\r\nค่าไฟต่อปี(บาท):1,466\r\n\r\nเทคโนโลยีพิเศษ:ช่องแช่ Prime Fresh+\r\n\r\nลูกล้อสำหรับเคลื่อนย้าย:มี\r\n\r\nอื่นๆ :ช่องแช่ Prime Fresh+ พร้อมระบบ Blue Ag,แผงปรับอุณภูมิด้านนอกระบบสัมผัส พร้อมไฟส่องสว่างด้านในแบบ LED,เซนเซอร์ประหยัดพลังงานอัจฉริยะ'),
(48, 6, 6, 'Pana NN-ST342M', 3990, 23, '5fa44d70c11d81.07550290.jpg', 'ข้อมูลทั่วไป / Overview:\r\nไมโครเวฟ PANASONIC มาพร้อมกับระบบการรทำงานดิจิตอล ตัวเครื่องสีเงินสวยงามทันสมัย\r\n\r\nโปรแกรมอุ่นอาหารอัตโนมัติ\r\nระบบละลายอาหารแช่แข็งแบบเทอร์โบละลายน้ำแข็งได้เร็วขึ้น\r\nระบบเมนูอัตโนมัติ 9 เมนู\r\nละลายอาหารแช่เข็งรวดเร็วด้วยระบบ Turbo Defrost\r\nขนาดจานหมุน 288 มม.\r\nความยาวสายไฟ 1 ม.\r\n\r\nข้อมูลจำเพาะ / Specifications:\r\nSpecification ปริมาตรเตาอบ 25 ลิตร\r\nสี Silver\r\nภายในเตาอบ Painted (Gray)\r\nInverter -\r\nการควบคุม Touch\r\nFlat & Wide -\r\nจานหมุนขนาด 288 mm\r\nExterior Dimemsions (W×H×D) 485×287×400 mm\r\nInterior Dimensions (W×H×D) 315×227×349 mm\r\nCooking Function Micro Power -\r\nGrill -\r\nDouble Grill -\r\nSimultaneous Combination -\r\nOven Baking / Roasting -\r\nSteam & Micro Power -\r\nSteam Shot -\r\nFeature Auto Reheat Auto Reheat (3 menu)\r\nAuto Defrost Turbo Defrost\r\nSensor Menu -\r\nAuto Menu มี (9 menu)\r\nInverter Melt & Soften Menu -\r\nRecipe Store -\r\nMore / Less -\r\nChild Safety Lock มี\r\nOperating Guide -\r\nStandard Accessories Double Grill Tray -\r\nMetal Tray -\r\nGlass Tray -\r\nGlass Turntable มี\r\nCooking Power Microwave 800 W\r\nHeater -\r\nPower Consumption Microwave 1270 W\r\nHeater -\r\nCombination -'),
(49, 6, 1, 'LG MH-6324DAR', 2000, 0, '5fa44dbd16be40.46554500.jpg', 'ข้อมูลทั่วไป / Overview:\r\nQuartz Heater ร้อนเร็ว สุกไว รสชาติเยี่ยม\r\nไมโครเวฟระบบย่าง ขนาด 23 ลิตร\r\n\r\nMH6324DAR\r\nฮีตเตอร์ย่างระบบควอร์ต\r\nเคลือบสารเช็ดล้างทำความสะอาดง่าย\r\nระบบกระจายคลื่น 3 ทิศทาง\r\n\r\nข้อมูลจำเพาะ / Specifications:\r\nQuartz Heater ร้อนเร็ว สุกไว รสชาติเยี่ยม\r\nไมโครเวฟระบบย่าง ขนาด 23 ลิตร\r\n\r\nMH6324DAR\r\nฮีตเตอร์ย่างระบบควอร์ต\r\nเคลือบสารเช็ดล้างทำความสะอาดง่าย\r\nระบบกระจายคลื่น 3 ทิศทาง'),
(50, 2, 9, 'HITACHI PS-100LJ', 6900, 15, '5fa44ddd278891.35643591.jpg', 'ข้อมูลทั่วไป / Overview:\r\nประเภท เครื่องซักผ้าประเภทสองถัง\r\n\r\nขนาด 922 x 509 x 1,010 มม.\r\n\r\nความจุ 10 kg\r\n\r\nข้อมูลจำเพาะ / Specifications:\r\nประเภท เครื่องซักผ้าประเภทสองถัง\r\n\r\nขนาด 922 x 509 x 1,010 มม.\r\n\r\nความจุ 10 kg'),
(51, 6, 1, 'LG MS2843BAR', 3000, 0, '5fa44dfdde8c75.25106531.jpg', 'ข้อมูลทั่วไป / Overview:\r\nอร่อยง่ายๆ ด้วยไมโครเวฟแอลจี\r\nไมโครเวฟระบบอุ่นอาหาร ขนาด 28 ลิตร\r\n\r\nMS2843BAR\r\nเมนูอาหารไทยอัตโนมัติ\r\nเคลือบสารเช็ดล้างทำความสะอาดง่าย\r\nระบบกระจายคลื่น 3 ทิศทาง\r\n\r\nข้อมูลจำเพาะ / Specifications:\r\nอร่อยง่ายๆ ด้วยไมโครเวฟแอลจี\r\nไมโครเวฟระบบอุ่นอาหาร ขนาด 28 ลิตร\r\n\r\nMS2843BAR\r\nเมนูอาหารไทยอัตโนมัติ\r\nเคลือบสารเช็ดล้างทำความสะอาดง่าย\r\nระบบกระจายคลื่น 3 ทิศทาง'),
(52, 5, 7, 'philip GC9622', 13500, 14, '5fa44e757098f8.70526853.jpg', 'ข้อมูลทั่วไป / Overview:\r\nพลังไอน้ำสูงสุด เพื่อผลลัพธ์การรีดที่รวดเร็วที่สุด*\r\nด้วยเตารีดน้ำหนักเบาพิเศษ\r\nแรงดันปั๊มสูงสุด 6.5 บาร์\r\nพลังไอน้ำพิเศษ 400 กรัม\r\nความจุแท้งค์น้ำ 1.8 ลิตร\r\nแท้งค์น้ำถอดออกได้\r\n\r\nข้อมูลจำเพาะ / Specifications:\r\nข้อมูลจำเพาะเด่น\r\n\r\nไม่ทำให้เกิดรอยใหม้ ใช่\r\nโดยไม่ต้องทำการปรับหรือตั้งค่าอุณหภูมิ ใช่\r\nแรงดัน สูงสุด 6.5 บาร์\r\nพลังไอน้ำพิเศษ สูงสุดถึง 450 ก.\r\nแท้งค์น้ำถอดออกได้ ใช่\r\nความจุแท็งค์น้ำ 1800 มิลลิลิตร\r\nปุ่มล็อคการทำงานขณะพกพา สำหรับการเคลื่อนย้ายและความปลอดภัย\r\nน้ำหนักของเตารีด 0.8 กก.\r\nการขจัดคราบตะกรันและการทำความสะอาด Easy De-calc Plus\r\nปลอดภัยด้วยการตัดไฟโดยอัตโนมัติ มี'),
(53, 5, 7, 'philip GC3811', 2590, 52, '5fa44edf981761.54082995.jpg', 'ข้อมูลทั่วไป / Overview:\r\nเร็วกว่า ง่ายกว่า และฉลาดกว่า\r\nด้วยการควบคุมอุณหภูมิและนวัตกรรมด้านพลังไอน้ำของเรา\r\n\r\nพลังไอน้ำ 40g/min พลังไอน้ำพิเศษ 160g\r\nแผ่นความร้อน SteamGlide Plus\r\nขจัดตะกรัน\r\n2400 วัตต์\r\nกำลังไฟ 2400 วัตต์เตารีดร้อนเร็วยิ่งขึ้นกำลังไฟ 2400 วัตต์เตารีดร้อนเร็วยิ่งขึ้น ด้วยกำลังไฟ 2400 วัตต์ เตารีดไอน้ำ Azur Performer Plus จะร้อนอย่างรวดเร็วและให้ประสิทธิภาพที่ทรงพลังในการมอบผลลัพธ์การรีดผ้าที่ยอดเยี่ยม พลังไอน้ำสูงสุด 40 กรัม/นาที ช่วยขจัดรอยยับดีเยี่ยมพลังไอน้ำสูงสุด 40 กรัม/นาที ช่วยขจัดรอยยับดีเยี่ยม พลังไอน้ำต่อเนื่องสูงถึง 40 กรัม/นาที ให้พลังไอน้ำในปริมาณที่เหมาะสมที่สุดเพื่อขจัดรอยยับทุกประเภท เพิ่มพลังไอน้ำสูงถึง 160 กรัมเพิ่มพลังไอน้ำสูงถึง 160 กรัม ใช้พลังไอน้ำพิเศษสำหรับการรีดแนวตั้งและขจัดรอยยับที่รีดยากได้ ระบบขจัดตะกรันแบบ Double Active เพื่อช่วยป้องกันการสะสมตะกรันระบบขจัดตะกรันแบบ Double Active เพื่อช่วยป้องกันการสะสมตะกรัน ระบบขจัดตะกรันแบบ Double Active ของเตารีดไอน้ำจาก Philips จะช่วยป้องกันการสะสมของตะกรันด้วยเม็ดป้องกันการเกิดตะกรันและฟังก์ชันขจัดตะกรันที่ใช้งานง่าย การทำความสะอาดเตารีดไอน้ำเป็นประจำช่วยลดคราบขาวจากตะกรันและยืดประสิทธิภาพการทำงานให้ยาวนานยิ่งขึ้น ทำให้ได้ผลการรีดที่ดีกว่า ตัวควบคุมพลังไอน้ำอัตโนมัติเพื่อไอน้ำที่เหมาะสมสำหรับประเภทเนื้อผ้าตัวควบคุมพลังไอน้ำอัตโนมัติเพื่อไอน้ำที่เหมาะสมสำหรับประเภทเนื้อผ้า ตัวควบคุมพลังไอน้ำอัตโนมัติทำให้คุณไม่ต้องกังวลกับการเลือกปริมาณไอน้ำที่ต้องการ เพียงเลือกอุณหภูมิสำหรับเนื้อผ้าที่คุณรีดอยู่ แล้วรีดได้เลย แผ่นความร้อนปลายแหลมบางเป็น 3 เท่า เพื่อการควบคุมและมองเห็นได้ดีที่สุดแผ่นความร้อนปลายแหลมบางเป็น 3 เท่า เพื่อการควบคุมและมองเห็นได้ดีที่สุด แผ่นความร้อนปลายแหลมของ Philips Azur Performer เพิ่มความสะดวกในการรีด 3 รูปแบบ คือ ปลายแหลม ร่องกระดุม และรูปทรงที่เพรียวบาง แผ่นความร้อนปลายแหลมบางเป็น 3 เท่า ช่วยให้คุณสามารถซอกซอนเข้าถึงบริเวณที่รีดยาก เช่น บริเวณรอบๆ กระดุม หรือระหว่างรอยจีบ น้ำหนักที่พอเหมาะเพื่อให้เคลื่อนไหวง่ายยิ่งขึ้นบนเสื้อผ้าของคุณน้ำหนักที่พอเหมาะเพื่อให้เคลื่อนไหวง่ายยิ่งขึ้นบนเสื้อผ้าของคุณ เตารีดมีน้ำหนักพอเหมาะเพื่อให้ย้ายเคลื่อนไหวได้ง่ายบนทุกเนื้อผ้า ช่วยให้ความยุ่งยากของการรีดผ้าน้อยลง และยกรีดบนโต๊ะรองรีดอย่างมั่นคงและจับวางตั้งได้อย่างง่ายดาย แผ่นความร้อน SteamGlide Plus: สุดยอดการลื่นไหลเพื่อการรีดที่เร็วขึ้นแผ่นความร้อน SteamGlide Plus ที่เรียบลื่นที่สุดของเรา ให้คุณรีดผ้าลื่นได้สะดวก ช่องระบายอากาศที่ออกแบบมาอย่างเอาใจใส่เพื่อการกระจายไอน้ำอย่างสมดุล\r\nดูข้อมูลจำเพาะทั้งหมด\r\n\r\nข้อมูลจำเพาะ / Specifications:\r\nข้อมูลจำเพาะเด่น\r\n\r\nระบบขจัดตะกรัน ระบบขจัดตะกรันแบบ Double Active\r\nการเติมน้ำและเทน้ำออก ฝาเปิดด้านข้าง\r\nพลังไอน้ำต่อเนื่องสม่ำเสมอ 40 กรัม/นาที\r\nแผ่นความร้อน SteamGlide Plus\r\nข้อมูลทางเทคนิค\r\n\r\nขจัดรอยยับได้รวดเร็วอย่างมีประสิทธิภาพ\r\n\r\nแผ่นความร้อน\r\nSteamGlide Plus\r\nพลังไอน้ำต่อเนื่องสม่ำเสมอ 40 กรัม/นาที พลังไอน้ำพิเศษ 160 ก.\r\nใช้พลังไอน้ำรีดในแนวตั้งมีสเปรย์ มีกำลังไฟ2400 วัตต์\r\n\r\nการตั้งค่าโหมดประหยัดพลังงาน ลดการใช้พลังงาน 20%\r\nวิธีขจัดตะกรัน\r\n\r\nระบบขจัดตะกรัน\r\nระบบขจัดตะกรันแบบ Double Active\r\nสะดวกสบาย ความยาวสายไฟ 2 ม.ใช้งานง่าย\r\n\r\nความจุแท็งค์น้ำ 300 มิลลิลิตร การเติมน้ำและเทน้ำออกฝาเปิดด้านข้าง\r\nระบบป้องกันน้ำหยด มีที่เก็บสายไฟที่รัดสายไฟความยาวสายไฟ 2 ม.\r\nซอกซอนเข้าถึงบริเวณที่รีดยากแผ่นความร้อนปลายแหลมบางเป็น 3 เท่า\r\nเติมน้ำได้รวดเร็วและง่ายดาย มีด้ามจับเพิ่มผิวสัมผัส'),
(54, 4, 5, 'TOSHIBA RAS-18PKSG-T', 18500, 23, '5fa44fb05f8821.95744605.jpg', 'ข้อมูลทั่วไป / Overview:\r\nเร็วกว่า ง่ายกว่า และฉลาดกว่า\r\nด้วยการควบคุมอุณหภูมิและนวัตกรรมด้านพลังไอน้ำของเรา\r\n\r\nพลังไอน้ำ 40g/min พลังไอน้ำพิเศษ 160g\r\nแผ่นความร้อน SteamGlide Plus\r\nขจัดตะกรัน\r\n2400 วัตต์\r\nกำลังไฟ 2400 วัตต์เตารีดร้อนเร็วยิ่งขึ้นกำลังไฟ 2400 วัตต์เตารีดร้อนเร็วยิ่งขึ้น ด้วยกำลังไฟ 2400 วัตต์ เตารีดไอน้ำ Azur Performer Plus จะร้อนอย่างรวดเร็วและให้ประสิทธิภาพที่ทรงพลังในการมอบผลลัพธ์การรีดผ้าที่ยอดเยี่ยม พลังไอน้ำสูงสุด 40 กรัม/นาที ช่วยขจัดรอยยับดีเยี่ยมพลังไอน้ำสูงสุด 40 กรัม/นาที ช่วยขจัดรอยยับดีเยี่ยม พลังไอน้ำต่อเนื่องสูงถึง 40 กรัม/นาที ให้พลังไอน้ำในปริมาณที่เหมาะสมที่สุดเพื่อขจัดรอยยับทุกประเภท เพิ่มพลังไอน้ำสูงถึง 160 กรัมเพิ่มพลังไอน้ำสูงถึง 160 กรัม ใช้พลังไอน้ำพิเศษสำหรับการรีดแนวตั้งและขจัดรอยยับที่รีดยากได้ ระบบขจัดตะกรันแบบ Double Active เพื่อช่วยป้องกันการสะสมตะกรันระบบขจัดตะกรันแบบ Double Active เพื่อช่วยป้องกันการสะสมตะกรัน ระบบขจัดตะกรันแบบ Double Active ของเตารีดไอน้ำจาก Philips จะช่วยป้องกันการสะสมของตะกรันด้วยเม็ดป้องกันการเกิดตะกรันและฟังก์ชันขจัดตะกรันที่ใช้งานง่าย การทำความสะอาดเตารีดไอน้ำเป็นประจำช่วยลดคราบขาวจากตะกรันและยืดประสิทธิภาพการทำงานให้ยาวนานยิ่งขึ้น ทำให้ได้ผลการรีดที่ดีกว่า ตัวควบคุมพลังไอน้ำอัตโนมัติเพื่อไอน้ำที่เหมาะสมสำหรับประเภทเนื้อผ้าตัวควบคุมพลังไอน้ำอัตโนมัติเพื่อไอน้ำที่เหมาะสมสำหรับประเภทเนื้อผ้า ตัวควบคุมพลังไอน้ำอัตโนมัติทำให้คุณไม่ต้องกังวลกับการเลือกปริมาณไอน้ำที่ต้องการ เพียงเลือกอุณหภูมิสำหรับเนื้อผ้าที่คุณรีดอยู่ แล้วรีดได้เลย แผ่นความร้อนปลายแหลมบางเป็น 3 เท่า เพื่อการควบคุมและมองเห็นได้ดีที่สุดแผ่นความร้อนปลายแหลมบางเป็น 3 เท่า เพื่อการควบคุมและมองเห็นได้ดีที่สุด แผ่นความร้อนปลายแหลมของ Philips Azur Performer เพิ่มความสะดวกในการรีด 3 รูปแบบ คือ ปลายแหลม ร่องกระดุม และรูปทรงที่เพรียวบาง แผ่นความร้อนปลายแหลมบางเป็น 3 เท่า ช่วยให้คุณสามารถซอกซอนเข้าถึงบริเวณที่รีดยาก เช่น บริเวณรอบๆ กระดุม หรือระหว่างรอยจีบ น้ำหนักที่พอเหมาะเพื่อให้เคลื่อนไหวง่ายยิ่งขึ้นบนเสื้อผ้าของคุณน้ำหนักที่พอเหมาะเพื่อให้เคลื่อนไหวง่ายยิ่งขึ้นบนเสื้อผ้าของคุณ เตารีดมีน้ำหนักพอเหมาะเพื่อให้ย้ายเคลื่อนไหวได้ง่ายบนทุกเนื้อผ้า ช่วยให้ความยุ่งยากของการรีดผ้าน้อยลง และยกรีดบนโต๊ะรองรีดอย่างมั่นคงและจับวางตั้งได้อย่างง่ายดาย แผ่นความร้อน SteamGlide Plus: สุดยอดการลื่นไหลเพื่อการรีดที่เร็วขึ้นแผ่นความร้อน SteamGlide Plus ที่เรียบลื่นที่สุดของเรา ให้คุณรีดผ้าลื่นได้สะดวก ช่องระบายอากาศที่ออกแบบมาอย่างเอาใจใส่เพื่อการกระจายไอน้ำอย่างสมดุล\r\nดูข้อมูลจำเพาะทั้งหมด\r\n\r\nข้อมูลจำเพาะ / Specifications:\r\nข้อมูลจำเพาะเด่น\r\n\r\nระบบขจัดตะกรัน ระบบขจัดตะกรันแบบ Double Active\r\nการเติมน้ำและเทน้ำออก ฝาเปิดด้านข้าง\r\nพลังไอน้ำต่อเนื่องสม่ำเสมอ 40 กรัม/นาที\r\nแผ่นความร้อน SteamGlide Plus\r\nข้อมูลทางเทคนิค\r\n\r\nขจัดรอยยับได้รวดเร็วอย่างมีประสิทธิภาพ\r\n\r\nแผ่นความร้อน\r\nSteamGlide Plus\r\nพลังไอน้ำต่อเนื่องสม่ำเสมอ 40 กรัม/นาที พลังไอน้ำพิเศษ 160 ก.\r\nใช้พลังไอน้ำรีดในแนวตั้งมีสเปรย์ มีกำลังไฟ2400 วัตต์\r\n\r\nการตั้งค่าโหมดประหยัดพลังงาน ลดการใช้พลังงาน 20%\r\nวิธีขจัดตะกรัน\r\n\r\nระบบขจัดตะกรัน\r\nระบบขจัดตะกรันแบบ Double Active\r\nสะดวกสบาย ความยาวสายไฟ 2 ม.ใช้งานง่าย\r\n\r\nความจุแท็งค์น้ำ 300 มิลลิลิตร การเติมน้ำและเทน้ำออกฝาเปิดด้านข้าง\r\nระบบป้องกันน้ำหยด มีที่เก็บสายไฟที่รัดสายไฟความยาวสายไฟ 2 ม.\r\nซอกซอนเข้าถึงบริเวณที่รีดยากแผ่นความร้อนปลายแหลมบางเป็น 3 เท่า\r\nเติมน้ำได้รวดเร็วและง่ายดาย มีด้ามจับเพิ่มผิวสัมผัส'),
(55, 4, 4, 'SHARP AH-PGX10', 15200, 45, '5fa45066b6bad3.12423584.jpg', 'ข้อมูลทั่วไป / Overview:\r\nแอร์ผนัง SHARP AH/AU-PGX10 9300BTU INVERTER\r\nระบบ Inverter ประหยัดพลังงาน ควบคุมอุณหภูมิให้คงที่\r\nSuper Jet ส่งลมเย็นปริมาณมากกระจายลงสู่ด้านล่าง และปรับอากาศภายในห้องให้เย็นอย่างรวดเร็วอุณหภูมิลดลงได้ถึง 5 องศาภายใน 5 นาที\r\n130V Operation เครื่องยังสามารถทำความเย็นต่อไปได้แม้กำลังไฟตกลงเหลือเพียง 130V\r\nQuiet Operation ฟังก์ชั่นการทำงานเงียบ ด้วยความเร็วพัดลมที่เบามากเป็นพิเศษ\r\nBest Sleep Mode สามารถปรับอุณหภูมิห้องได้โดยอัตโนมัติ เพื่อให้ได้อุณหภูมิที่พอเหมาะขณะที่คุณเริ่มเข้านอน\r\nEco Mode ช่วยจำกัดระดับการใช้พลังงานของเครื่องปรับอากาศ เพื่อช่วยลดการใช้ไฟฟ้า\r\nตัวคอยล์ร้อนทำจากอลูมิเนียมล้วน จึงทนทานต่อการกัดกร่อน และมีความแข็งแรงสูง\r\nได้รับมาตฐานความทนทาน 7 ประการจาก SHARP\r\nPlasmacluster Ions ฆ่าเชื้อโรค เชื้อรา เชื้อแบคทีเรีย เชื้อไข้หวัดนก H5N1 ในอากาศ และสลายฤทธิ์สารก่อภูมิแพ้จากไรฝุ่น\r\n\r\nข้อมูลจำเพาะ / Specifications:\r\nวัสดุ: -\r\nกว้าง: 100.6 ซม.\r\nสี: ขาว\r\nน้ำหนัก: 12.0 กก.\r\nสูง: 31.6 ซม.\r\nลึก: 24.8 ซม.\r\nปริมาตรความเย็น: 9300\r\nฉลากประหยัดไฟ: เบอร์ 5\r\nค่าประสิทธิภาพการทำความเย็น (EER): -\r\nIndoor Dimension (mm.): 1006 x 316 x 248\r\nIndoor Weight: 12\r\nOutdoor Dimension (mm.): -\r\nOutdoor Weight: -\r\nInverter: YES\r\nระบบฟอกอากาศ: แผ่นกรอง'),
(56, 2, 6, ' Panasonic NA-VX93GL', 21000, 50, '5fa450ce574435.26978518.jpg', 'ข้อมูลทั่วไป / Overview:\r\nWash　10kg Dry　6kg\r\n\r\nนวัตกรรม heat pump ของเครื่องซัก-อบผ้าพานาโซนิค\r\n\r\nเพื่อความสะอาดอย่างเหนือชั้นและประหยัดมากยิ่งขึ้น!\r\n\r\nพลังซักสะอาดอย่างเหนือชั้น\r\n\r\nด้วยระบบ Active Foam\r\n\r\nlพลังฉีดน้ำ HydroActive+ 7 ทิศทาง\r\nเพื่อการแทรกซึมลึกเข้าสู่เนื้อผ้าอย่างรวดเร็ว\r\n\r\nlระบบการซักแบบหมุนแรงสลับเบาDancing Wash System\r\nประหยัดพลังงานและไม่ทำลายเนื้อผ้า\r\n\r\nด้วยระบบECONAVI และการอบผ้าแบบHeat pump\r\n\r\nlอบผ้าอย่างมีประสิทธิภาพด้วยระบบHeat pumpลดความชื้นในอากาศ\r\nlระบบ Heat Pump ช่วยประหยัดพลังงานมากกว่าการอบผ้าแบบเดิม\r\nlผ้าไม่ได้รับความเสียหายเนื่องจากใช้ความร้อนน้อยกว่า\r\nlประหยัดน้ำและไฟเพิ่มมากขึ้นด้วยระบบ ECONAVI\r\n\r\nใช้งานง่าย สนุกกับการใช้งาน\r\n\r\nด้วยแผงควบคุมระบบสัมผัส และหน้าจอLCD สี\r\n\r\nlซักด้วยน้ำร้อน 40ºC, เพิ่มพลังซัก; 60ºCยับยั้งเชื่อแบคทีเรีย\r\nlทำความสะอาดตัวเองอัตโนมัติ\r\nlลดรอยยับด้วยระบบ wide-jet drying เป่าแห้งพลังลม\r\nlยับยั้งแบคทีเรียและกลิ่นอับด้วยระบบ Nanoe\r\n\r\nWxDxH: 600x722x1009 mm\r\n\r\nWxDxHw/cartons:710x800x1140 mm\r\n\r\nGross weight: 86 kg\r\n\r\nNet weight: 77 kg\r\n\r\nข้อมูลจำเพาะ / Specifications:\r\nWash　10kg Dry　6kg\r\n\r\nนวัตกรรม heat pump ของเครื่องซัก-อบผ้าพานาโซนิค\r\n\r\nเพื่อความสะอาดอย่างเหนือชั้นและประหยัดมากยิ่งขึ้น!\r\n\r\nพลังซักสะอาดอย่างเหนือชั้น\r\n\r\nด้วยระบบ Active Foam\r\n\r\nพลังฉีดน้ำ HydroActive+ 7 ทิศทาง\r\n\r\nซักด้วยน้ำร้อน 40ºC, เพิ่มพลังซัก; 60ºCยับยั้งเชื่อแบคทีเรีย\r\nทำความสะอาดตัวเองอัตโนมัติ\r\nลดรอยยับด้วยระบบ wide-jet drying เป่าแห้งพลังลม\r\nยับยั้งแบคทีเรียและกลิ่นอับด้วยระบบ Nanoe\r\n\r\nWxDxH: 600x722x1009 mm\r\n\r\nWxDxHw/cartons:710x800x1140 mm\r\n\r\nGross weight: 86 kg\r\n\r\nNet weight: 77 kg'),
(57, 4, 6, 'PANASONIC CS-PN18SKT', 21700, 5, '5fa450fa06f230.69012499.jpg', 'ข้อมูลทั่วไป / Overview:\r\n. Anti-Bacteria Filter ยับยั้งแบคทีเรีย ไวรัส สารก่อภูมิแพ้ และเชื้อราได้ถึง 99%\r\n2. i-Auto เย็นขึ้น เร็วขึ้น 15%\r\n3. Blue Fin Condenser คอนเดนเซอร์ทนทาน เคลือบสารกันสนิม\r\n4. ใบพัดใหญ่กระจายลมกว้างและไกลกว่าเดิม\r\n5. โหมดขจัดความชื้น\r\n6. การขจัดกลิ่น Odour-Removing Function\r\n7. รับประกัน คอมเพรสเซอร์ 5 ปี และคอยล์เย็น 3 ปี\r\n\r\nข้อมูลจำเพาะ / Specifications:\r\nSKU PA763HAAA423UTANTH-8690215\r\nโมเดล Taweechai Electric Co.,Ltd.-CS-PN18SKT/CU-PN18SKT\r\nPower Consumption 1390\r\nSize (cm) 1073025\r\nWeight (kg) 51'),
(58, 4, 6, 'PANASONIC CS-PU18SKT', 25100, 17, '5fa4517f8a4bc8.52204792.jpg', 'ข้อมูลทั่วไป / Overview:\r\nแอร์ผนัง PANASONIC CS-PU18SKT 17700BTU INVERTER\r\n\r\nระบบ iAuto เย็นเร็วขึ้น 15%\r\nแผ่นฟอกอากาศ Anti-Bacteria Filter ยับยั้งแบคทีเรีย ไวรัส สารก่อภูมิแพ้ และเชื้อราได้ถึง 99%\r\nระบบ INVERTER ทำงานได้เงียบสนิท ให้ความแม่นยำในการคงระดับอุณหภูตามที่ตั้งไว้ ช่วยลดปริมาณการใช้ไฟฟ้า\r\nระบบควบคุมทิศทางลมในแนวตั้ง และแนวนอน\r\nการขจัดกลื่น Odour-Removing Function\r\nระบบเปิดเครื่องใหม่อัตโนมัติเมื่อไฟฟ้าขัดข้อง\r\nระบบตั้งเวลาเปิด-ปิด 24 ชั่วโมง\r\nหน้ากากสามารถถอดล้างทำความสะอาดได้\r\nคอนเดนเซอร์สีฟ้า Blu Fin Condersor ทนทานต่อสภาพอากาศที่เป็นด่างฝน และปัจจัยต่างๆ ที่ทำให้ผุกร่อนใช้งานได้นานข้นถึง 3 เท่า\r\n\r\nข้อมูลจำเพาะ / Specifications:\r\nวัสดุ: พลาสติก\r\nกว้าง: 107 ซม.\r\nสี: ขาว\r\nน้ำหนัก: 12 กก.\r\nสูง: 29.6 ซม.\r\nลึก: 24.1 ซม.\r\nปริมาตรความเย็น: 18051.00\r\nฉลากประหยัดไฟ: เบอร์ 5\r\nค่าประสิทธิภาพการทำความเย็น (EER): 19.82 Btu/h/W'),
(59, 2, 4, ' SHARP ES-W11HT-SL', 8690, 26, '5fa4528d4cd486.48145870.jpg', 'ข้อมูลทั่วไป / Overview:\r\nเครื่องซักผ้าฝาบน SHARP ES-W11HT-SL 11 กก.\r\nยกระดับการซักผ้า พร้อมถนอมเนื้อผ้าได้อย่างเหนือชั้น ด้วยเครื่องซักผ้า จากแบรนด์ SHARP ตัวช่วยดี ๆ ที่จะช่วยในการซักผ้าของคุณให้สะอาด รวดเร็วทันใจ มีโปรแกรมการทำงานถึง 8 โปรแกรม ทำงานอย่างชาญฉลาด และปลอดภัยต่อผู้ใช้งาน ด้วยเทคโนโลยี 7 Shields Japan Quality ที่ช่วยป้องกันไฟไหม้, ป้องกันหนู, ป้องกันฟ้าผ่า หรือไฟฟ้าลัดวงจร, ป้องกันความซื้น, ป้องกันสนิม และป้องกันเซื้อรา มาพร้อมมอเตอร์ประสิทธิภาพเยี่ยม ที่จะมอบการซักที่ทรงพลัง สามารถขจัดคราบสกปรกได้อย่างง่ายดาย นอกจากนี้ยังทำงานเงียบ นิ่ง ทนทาน แต่อ่อนโยน มีดีไซน์ที่ทันสมัย และหรูหรา และยังช่วยถนอมเสื้อผ้าของคุณให้ดูดี เปรียบเสมือนใหม่อยู่เสมออีกด้วย\r\n\r\nHOLE-LESS Eco Drum ถังซักไร้รู ป้องกันแบคทีเรีย และเชื้อราตกค้างในรูถังซัก และปกป้องผ้าจากการเสียดสีกับรูรอบถังซัก\r\nDolphin Pulsator จานซักออกแบบตามรูปทรง ช่วยให้น้ำมีพลังซักล้างสูง และเสื้อผ้าไม่พันกันขณะเครื่องปั่น\r\n7 Shields Japan Quality ป้องกันไฟไหม้, ป้องกันหนู, ป้องกันฟ้าผ่า หรือไฟฟ้าลัดวงจร, ป้องกันความซื้น, ป้องกันสนิม และป้องกันเซื้อรา\r\nGentle on Clothes ถนอมเนื้อผ้าระหว่างซัก เนื่องจากถังซักไม่มีรู และรอยต่อ ทำให้เนื้อผ้าไม่เสียดสี\r\nNano Silver Pulsator เทคโนโลยี Ag+ เคลือบบนจานซัก ช่วยป้องกันการเกิดเชื้อราและแบคทีเรีย\r\n7 เซ็นเซอร์อัจฉริยะ ช่วยเพิ่มประสิทธิภาพในการซัก และความปลอดภัยขณะซักผ้า ช่วยประหยัดน้ำใน แต่ละครั้งสูงสุด 50%\r\nมีรอบปั่นหมาดสูงสุด 730 รอบต่อนาที พร้อมโปรแกรมการซัก 8 โปรแกรม เพื่อความเหมาะสมกับเนื้อผ้า แต่ละประเภท\r\nรับประกันมอเตอร์ 10 ปี ตามเงื่อนไขที่กำหนด\r\nวิธีใช้งาน\r\nใช้สำหรับซักทำความสะอาดเสื้อผ้า เครื่อง แต่งกาย\r\nคำแนะนำ\r\nควรศึกษาวิธีการใช้งาน และวิธีการติดตั้งโดยละเอียด\r\nควรตรวจกระเป๋าค้นหาสิ่งของที่อาจเป็นอันตรายต่อเครื่องซักผ้าก่อนซัก\r\nข้อควรระวัง\r\nห้ามซักผ้าเกินกว่าปริมาณที่กำหนด\r\nห้ามทำความสะอาดถังซักด้วยสารเคมีที่มีฤทธิ์กรด และด่าง\r\nห้ามดึงสายไฟขณะมือเปียกน้ำ\r\nอันตรายถึงชีวิตหากไม่ติดตั้งสายดิน\r\n\r\nข้อมูลจำเพาะ / Specifications:\r\nเครื่องซักผ้าฝาบน SHARP ES-W11HT-SL 11 กก.\r\nยกระดับการซักผ้า พร้อมถนอมเนื้อผ้าได้อย่างเหนือชั้น ด้วยเครื่องซักผ้า จากแบรนด์ SHARP ตัวช่วยดี ๆ ที่จะช่วยในการซักผ้าของคุณให้สะอาด รวดเร็วทันใจ มีโปรแกรมการทำงานถึง 8 โปรแกรม ทำงานอย่างชาญฉลาด และปลอดภัยต่อผู้ใช้งาน ด้วยเทคโนโลยี 7 Shields Japan Quality ที่ช่วยป้องกันไฟไหม้, ป้องกันหนู, ป้องกันฟ้าผ่า หรือไฟฟ้าลัดวงจร, ป้องกันความซื้น, ป้องกันสนิม และป้องกันเซื้อรา มาพร้อมมอเตอร์ประสิทธิภาพเยี่ยม ที่จะมอบการซักที่ทรงพลัง สามารถขจัดคราบสกปรกได้อย่างง่ายดาย นอกจากนี้ยังทำงานเงียบ นิ่ง ทนทาน แต่อ่อนโยน มีดีไซน์ที่ทันสมัย และหรูหรา และยังช่วยถนอมเสื้อผ้าของคุณให้ดูดี เปรียบเสมือนใหม่อยู่เสมออีกด้วย\r\n\r\nHOLE-LESS Eco Drum ถังซักไร้รู ป้องกันแบคทีเรีย และเชื้อราตกค้างในรูถังซัก และปกป้องผ้าจากการเสียดสีกับรูรอบถังซัก\r\nDolphin Pulsator จานซักออกแบบตามรูปทรง ช่วยให้น้ำมีพลังซักล้างสูง และเสื้อผ้าไม่พันกันขณะเครื่องปั่น\r\n7 Shields Japan Quality ป้องกันไฟไหม้, ป้องกันหนู, ป้องกันฟ้าผ่า หรือไฟฟ้าลัดวงจร, ป้องกันความซื้น, ป้องกันสนิม และป้องกันเซื้อรา\r\nGentle on Clothes ถนอมเนื้อผ้าระหว่างซัก เนื่องจากถังซักไม่มีรู และรอยต่อ ทำให้เนื้อผ้าไม่เสียดสี\r\nNano Silver Pulsator เทคโนโลยี Ag+ เคลือบบนจานซัก ช่วยป้องกันการเกิดเชื้อราและแบคทีเรีย\r\n7 เซ็นเซอร์อัจฉริยะ ช่วยเพิ่มประสิทธิภาพในการซัก และความปลอดภัยขณะซักผ้า ช่วยประหยัดน้ำใน แต่ละครั้งสูงสุด 50%\r\nมีรอบปั่นหมาดสูงสุด 730 รอบต่อนาที พร้อมโปรแกรมการซัก 8 โปรแกรม เพื่อความเหมาะสมกับเนื้อผ้า แต่ละประเภท\r\nรับประกันมอเตอร์ 10 ปี ตามเงื่อนไขที่กำหนด\r\nวิธีใช้งาน\r\nใช้สำหรับซักทำความสะอาดเสื้อผ้า เครื่อง แต่งกาย\r\nคำแนะนำ\r\nควรศึกษาวิธีการใช้งาน และวิธีการติดตั้งโดยละเอียด\r\nควรตรวจกระเป๋าค้นหาสิ่งของที่อาจเป็นอันตรายต่อเครื่องซักผ้าก่อนซัก\r\nข้อควรระวัง\r\nห้ามซักผ้าเกินกว่าปริมาณที่กำหนด\r\nห้ามทำความสะอาดถังซักด้วยสารเคมีที่มีฤทธิ์กรด และด่าง\r\nห้ามดึงสายไฟขณะมือเปียกน้ำ\r\nอันตรายถึงชีวิตหากไม่ติดตั้งสายดิน'),
(60, 4, 8, 'MITSUBISHI HEAVY DUTY SRK-19CNS', 23900, 24, '5fa452960f46f7.49009214.jpg', 'ข้อมูลทั่วไป / Overview:\r\nเครื่องปรับอากาศ Mitsubishi Heavy Duty มิตซูบิชิเฮฟวี่ดิวตี้ แอร์มิตซูบิชิเฮฟวี่ดิวตี้ มีระบบJET FLOW (Jet Engine Tเครื่องปรับอากาศ Mitsubishi Heavy Duty มิตซูบิชิเฮฟวี่ดิวตี้ : JETFLOW (Jet Engine Technology) เทคโนโลยีการกระจาย อากาศ หรือ \"Jet Flow\" เป็นเทคโนโลยีที่พัฒนาขึ้น โดยการใช้หลักการ เช่นเดียวกับเครื่องบินเจ็ท เป็นนวัตกรรมสุดทันสมัย.echnology) เทคโนโลยีการกระจายอากาศหรือ “Jet Flow”\r\n\r\nข้อมูลจำเพาะ / Specifications:\r\n: รับประกันคอมเพรสเซอร์ 5 ปี แผงคอล์ยเย็น 3 อะไหล่ 1 ปี'),
(61, 4, 9, 'HITACHI RAS-X30HGT', 48000, 5, '5fa45351f2bd26.39986102.jpg', 'ข้อมูลทั่วไป / Overview:\r\nเครื่องปรับอากาศ Hitachi รุ่นนี้เป็นเครื่องปรับอากาศแบบแขวน มาพร้อมงานออกแบบตัวเครื่องที่ดูเรียบง่าย พร้อมรีโมทไร้สายสำหรับตั้งค่าการใช้งาน เหมาะสำหรับใช้ติดตั้งห้องพักอาศัยหรือาคารสำนักงาน ที่สำคัญทำความเย็นได้ดี เปิดแล้วเย็นฉ่ำ ตัวเครื่องทำงานเงียบ ไม่รบกวนการนอนหลับพักผ่อนของคุณ อีกทั้งยังมีฟิลเตอร์ดักจับฝุ่นละออง แบคทีเรีย และลดกลิ่นไม่พึงประสงค์เพื่ออากาศที่บริสุทธิ์อีกด้วย\r\n\r\nข้อมูลจำเพาะ / Specifications:\r\nค่าEER 17.9\r\nขนาด(BTU) 28,146.60\r\nคอมฯเคลือบสารป้องกันสนิม GREEN FIN CONDENSER\r\nขนาดเครื่อง (ซม) 110.0x30.0x25.0\r\nระบบกระจายความเย็น 4 ทิศทาง\r\nสำหรับห้องขนาด(ตรม) 25-30\r\nประหยัดไฟเบอร์5 มี\r\nรับประกันCompressor(ปี) 10\r\nอื่นๆ เทคโนโลยี STAINLESS CLEAN ลดการสะสมฝุ่นและเชื้อโรค ให้อากาศสะอาดNANO TITANIUM STAINLESS PRE-FILTERและNANO TI'),
(62, 4, 9, 'HITACHI RAS-S10CGT', 14500, 90, '5fa4543b24dbd1.98395206.jpg', 'ข้อมูลทั่วไป / Overview:\r\nUV Fresh ระบบปล่อยแสงอัลตราไวโอเลต ช่วยขจัดแบคทีเรีย และเชื้อราที่ติดอยู่บริเวณแผ่นกรองอากาศ\r\nSuper Filtration System แผ่นกรองนาโน ไททาเนียม สเตนเลส พรีฟิสเตอร์ และแผ่นกรองนาโน ไททาเนียม วาซาบิ ฟิลเตอร์ ช่วยขจัดแบคทีเรีย กลิ่นไม่พึงประสงค์ และสารก่อภูมิแพ้ได้อย่างมีประสิทธิภาพ\r\nAir Sleep Timer ระบบปรับอุณหภูมิขณะนอนหลับแบบตั้งเวลา\r\nPowerful Model โหมดปรับเร่งความเย็นเร่งด่วน 20 นาที\r\nDC Power System ระบบการทำงานแบบกระแสตรง ทำงานเงียบยิ่งขึ้น\r\nAuto Restart ระบบทำงานอัตโนมัติในฟังก์ชันเดิมหลังไฟฟ้ากลับมา\r\nGreen Fin Condenser แผงระบายความร้อนเคลือบสารป้องกันการกัดกร่อน ช่วยยืดอายุการทำงานได้เพิ่มขึ้นถึง 3 เท่า\r\nแผงทำความเย็นและระบายความร้อนขนาดใหญ่ ท่อน้ำยาทำจากทองแดง แข็งแรง ทนทาน ทนแรงอัดได้สูง มีอายุการใช้งานยาวนานกว่า\r\nตัวครอบแผงวงจรผลิตจากโลหะ 100% ป้องกันการติดไฟ\r\nน้ำยาแอร์ R410A ไม่ติดไฟ ลดการทำลายชั้นบรรยากาศโลก\r\nรับประกันคอมเพรสเซอร์ 7 ปี\r\n\r\nข้อมูลจำเพาะ / Specifications:\r\nวัสดุ: พลาสติก\r\nกว้าง: 79 ซม.\r\nสี: ขาว\r\nน้ำหนัก: 9.5 กก.\r\nสูง: 30 ซม.\r\nลึก: 23 ซม.\r\nปริมาตรความเย็น: 12681.00\r\nฉลากประหยัดไฟ: เบอร์ 5\r\nค่าประสิทธิภาพการทำความเย็น (EER): 12.16 Btu/h/W\r\nIndoor Dimension (mm.): 790 x 300 x230\r\nIndoor Weight: 9.5kg\r\nOutdoor Dimension (mm.): 750 x 570 x 280'),
(63, 3, 10, 'HATARI HT-S18M2', 1190, 260, '5fa454c71680c5.01429002.jpg', 'ข้อมูลทั่วไป / Overview:\r\nHT-S18M2\r\nพัดลมปรับระดับ 18 นิ้ว\r\n\r\nปรับแรงลมได้ 3 ระดับ\r\nปรับระดับความสูงได้ 6 ระดับ ได้ตั้ง แต่ 93.9-117.9 เซนติเมตร\r\nปรับส่ายซ้าย-ขวา และหยุดส่ายได้ตามต้องการ\r\nเสริมความปลอดภัยด้วยระบบตัดไฟอัตโนมัติ เทอร์มอล ฟิวส์\r\nมอเตอร์ประสิทธิภาพสูงด้วยระบบรองลื่น บอล แบริ่ง\r\nผ่านกระบวนการผลิตที่ได้รับการรับรองมาตรฐานระบบการจัดการสิ่งแวดล้อม ISO 14001\r\nได้รับมาตรฐานความปลอดภัย มอก.934-2558 จากสำนักงานมาตรฐานผลิตภัณฑ์อุตสาหกรรม กระทรวงอุตสาหกรรม\r\nได้รับมาตรฐานประหยัดไฟเบอร์ 5 จากการไฟฟ้าฝ่ายผลิตแห่งประเทศไทย'),
(64, 3, 4, 'SHARP PJ-TA181', 540, 300, '5fa4559a7c1f84.13453199.jpg', 'ข้อมูลทั่วไป / Overview:\r\nพัดลมชาร์ปตั้งโต๊ะ 18 นิ้วรุ่น PJ-TA181\r\n\r\nพัดลมชาร์ปรับประกันทุกชิ้นส่วน 3 ปี\r\nปรับแรงลมได้ 3 ระดับ\r\nกำลังไฟฟ้าเข้า 67 วัตต์\r\nขนาด กว้าง 513 มม. สูง 835 มม. ลึก 422 มม.\r\nใบพัดขนาด 18 นิ้ว แบบ 3 ใบพัด กระจายลมได้อย่างทั่วถึง\r\nที่พันเก็บสายไฟหลังเครื่อง ช่วยเก็บสายไฟได้สะดวก ไม่เกะกะ\r\nตะแกรงด้านหน้า-หลังดีไซน์ถี่เป็นพิเศษ เพิ่มความปลอดภัยมากขึ้น\r\nพัดลมชาร์ปตัดไฟอัตโนมัติ เมื่ออุณหภูมิของมอเตอร์สูงเกินค่าที่ตั้งไว้\r\nผ่านการรับรองคุณภาพและความปลอดภัยจากสำนักงานมาตรฐานผลิตภัณฑ์อุตสาหกรรม');

-- --------------------------------------------------------

--
-- Table structure for table `product_brand`
--

CREATE TABLE `product_brand` (
  `brandid` int(3) NOT NULL,
  `pdbrand` varchar(30) NOT NULL
) ENGINE=InnoDB DEFAULT CHARSET=utf8;

--
-- Dumping data for table `product_brand`
--

INSERT INTO `product_brand` (`brandid`, `pdbrand`) VALUES
(1, 'LG'),
(2, 'Samsung'),
(3, 'Sony'),
(4, 'Sharp'),
(5, 'Toshiba'),
(6, 'Panasonic'),
(7, 'Philips'),
(8, 'Mitsubishi'),
(9, 'Hitachi'),
(10, 'Hatari');

-- --------------------------------------------------------

--
-- Table structure for table `product_type`
--

CREATE TABLE `product_type` (
  `typeid` int(3) NOT NULL,
  `pdtype` varchar(40) NOT NULL
) ENGINE=InnoDB DEFAULT CHARSET=utf8;

--
-- Dumping data for table `product_type`
--

INSERT INTO `product_type` (`typeid`, `pdtype`) VALUES
(1, 'ตู้เย็น'),
(2, 'เครื่องซักผ้า'),
(3, 'พัดลม'),
(4, 'เครื่องปรับอากาศ'),
(5, 'เตารีด'),
(6, 'ไมโครเวฟ'),
(7, 'ทีวี');

-- --------------------------------------------------------

--
-- Table structure for table `sell`
--

CREATE TABLE `sell` (
  `sellid` int(3) NOT NULL,
  `userid` int(5) NOT NULL,
  `date` varchar(10) NOT NULL,
  `status` varchar(20) DEFAULT NULL,
  `address` varchar(300) DEFAULT NULL
) ENGINE=InnoDB DEFAULT CHARSET=utf8;

--
-- Dumping data for table `sell`
--

INSERT INTO `sell` (`sellid`, `userid`, `date`, `status`, `address`) VALUES
(61, 38, '14/05/2021', 'ส่งแล้ว', '88/9999\r\n9999'),
(62, 38, '14/05/2021', 'กำลังดำเนินการ', '88/9999\r\n9999'),
(63, 38, '14/05/2021', 'กำลังดำเนินการ', '88/9999\r\n9999'),
(64, 38, '14/05/2021', 'รายการนี้ถูกยกเลิก', '88/9999\r\n9999'),
(65, 37, '14/05/2021', 'กำลังดำเนินการ', '376/8\r\nหน้าเมือง');

-- --------------------------------------------------------

--
-- Table structure for table `sellinfo`
--

CREATE TABLE `sellinfo` (
  `sellid` int(5) NOT NULL,
  `pdid` int(5) NOT NULL,
  `price` int(6) NOT NULL,
  `count` int(3) NOT NULL,
  `sellinfoid` int(11) NOT NULL
) ENGINE=InnoDB DEFAULT CHARSET=utf8;

--
-- Dumping data for table `sellinfo`
--

INSERT INTO `sellinfo` (`sellid`, `pdid`, `price`, `count`, `sellinfoid`) VALUES
(61, 29, 130000, 1, 11),
(62, 42, 3100, 2, 12),
(63, 19, 4590, 1, 13),
(64, 3, 3900, 1, 14),
(65, 3, 3900, 2, 15),
(65, 19, 4590, 1, 16);

-- --------------------------------------------------------

--
-- Table structure for table `user_data`
--

CREATE TABLE `user_data` (
  `userid` int(10) NOT NULL,
  `username` varchar(50) NOT NULL,
  `name` varchar(50) NOT NULL,
  `lastname` varchar(50) NOT NULL,
  `gender` varchar(6) NOT NULL,
  `address` varchar(300) NOT NULL,
  `email` varchar(50) NOT NULL,
  `PhonNumber` int(10) NOT NULL,
  `password` varchar(40) NOT NULL,
  `identity` varchar(5) DEFAULT NULL
) ENGINE=InnoDB DEFAULT CHARSET=utf8;

--
-- Dumping data for table `user_data`
--

INSERT INTO `user_data` (`userid`, `username`, `name`, `lastname`, `gender`, `address`, `email`, `PhonNumber`, `password`, `identity`) VALUES
(29, 'yyyy', 'kanyanut', 'Phaungngern', 'หญิง', '376/8', 'kang.mayin2000@hotmail.com', 830143264, 'c2968b3c1c3500158385552dc9a1e836', NULL),
(30, 'Thanakorn', 'ธนากรณ์', 'สุขสำราญ', 'ชาย', '91/27 จ.ฉะเชิงเทรา อ.เมือง ต.บางตีนเป็ด หมู่ 13', 'Thanakorn.sook12@gmail.com', 928415903, 'e10adc3949ba59abbe56e057f20f883e', NULL),
(31, 'web1334', 'Web', 'greentea', 'ชาย', '9999999', 'sahawut1334@gmail.com', 999999999, '8edd72158ccd2a879f79cb2538568fdc', NULL),
(33, 'Suppanut55', 'ศุภณัฎฐ์', ' จั่นวิลัย', 'ชาย', 'บ้านเลขที่9 ซอย4 ถนน.เทศา ต.พระปฐมเจดีย์\r\nอ.เมือง จ.นครปฐม', 'terkub8142@gmail.com', 610105454, '51351a9d782e7aade34e198cadc199a1', NULL),
(34, 'Pacha', 'ปองพล', 'ดีดำ', 'ชาย', 'บ้านเลข6 ต.ดอนหวาย อ.เมือง จ.นครปฐม ', 'suppanut2543@gmail.com', 685432110, 'e10adc3949ba59abbe56e057f20f883e', NULL),
(35, 'test2', 'สหวุฒิ', 'บุญยืน', 'ชาย', '376/8 ต.หน้าเมือง', 'wgtwgtwgt1@gmail.com', 892471815, '81dc9bdb52d04dc20036dbd8313ed055', NULL),
(37, 'WebGreenTea', 'Sahawut ', 'Boonyurn', 'ชาย', '376/8\r\nหน้าเมือง', 'sahawut092013@gmail.com', 892471815, '598d73db04f61bb1170469ba2b8163fd', NULL),
(38, 'admin', 'admin', 'man', 'อื่นๆ', '88/9999\r\n9999', 'admin@gmail.com', 999999999, '25f9e794323b453885f5181f1b624d0b', 'admin');

--
-- Indexes for dumped tables
--

--
-- Indexes for table `cart`
--
ALTER TABLE `cart`
  ADD PRIMARY KEY (`cartid`);

--
-- Indexes for table `product`
--
ALTER TABLE `product`
  ADD PRIMARY KEY (`productid`);

--
-- Indexes for table `product_brand`
--
ALTER TABLE `product_brand`
  ADD PRIMARY KEY (`brandid`);

--
-- Indexes for table `product_type`
--
ALTER TABLE `product_type`
  ADD PRIMARY KEY (`typeid`);

--
-- Indexes for table `sell`
--
ALTER TABLE `sell`
  ADD PRIMARY KEY (`sellid`);

--
-- Indexes for table `sellinfo`
--
ALTER TABLE `sellinfo`
  ADD PRIMARY KEY (`sellinfoid`);

--
-- Indexes for table `user_data`
--
ALTER TABLE `user_data`
  ADD PRIMARY KEY (`userid`);

--
-- AUTO_INCREMENT for dumped tables
--

--
-- AUTO_INCREMENT for table `cart`
--
ALTER TABLE `cart`
  MODIFY `cartid` int(10) NOT NULL AUTO_INCREMENT, AUTO_INCREMENT=28;

--
-- AUTO_INCREMENT for table `product`
--
ALTER TABLE `product`
  MODIFY `productid` int(3) NOT NULL AUTO_INCREMENT, AUTO_INCREMENT=66;

--
-- AUTO_INCREMENT for table `product_brand`
--
ALTER TABLE `product_brand`
  MODIFY `brandid` int(3) NOT NULL AUTO_INCREMENT, AUTO_INCREMENT=19;

--
-- AUTO_INCREMENT for table `product_type`
--
ALTER TABLE `product_type`
  MODIFY `typeid` int(3) NOT NULL AUTO_INCREMENT, AUTO_INCREMENT=8;

--
-- AUTO_INCREMENT for table `sell`
--
ALTER TABLE `sell`
  MODIFY `sellid` int(3) NOT NULL AUTO_INCREMENT, AUTO_INCREMENT=66;

--
-- AUTO_INCREMENT for table `sellinfo`
--
ALTER TABLE `sellinfo`
  MODIFY `sellinfoid` int(11) NOT NULL AUTO_INCREMENT, AUTO_INCREMENT=17;

--
-- AUTO_INCREMENT for table `user_data`
--
ALTER TABLE `user_data`
  MODIFY `userid` int(10) NOT NULL AUTO_INCREMENT, AUTO_INCREMENT=39;
COMMIT;

/*!40101 SET CHARACTER_SET_CLIENT=@OLD_CHARACTER_SET_CLIENT */;
/*!40101 SET CHARACTER_SET_RESULTS=@OLD_CHARACTER_SET_RESULTS */;
/*!40101 SET COLLATION_CONNECTION=@OLD_COLLATION_CONNECTION */;
